target,Treatment,sex,ID,log_fold_change
AHR,control,m,2,-0.12688348090637894
AHR,control,m,3,-0.07310507424099928
AHR,control,m,4,-0.079829662902137985
AHR,ecig0,m,5,-0.07063723033654588
AHR,ecig0,m,6,-0.15738203388707916
AHR,ecig0,m,7,1.1287173270760202
AHR,ecig3,m,8,-0.1769388689973834
AHR,ecig3,m,9,-0.23533868815619544
AHR,ecig3,m,10,-0.24298485004605988
AHR,ecig3,m,11,-0.23274983019348483
AHR,ecig6,m,12,0.09460861012726289
AHR,ecig6,m,13,-0.3397198758566943
AHR,ecig6,m,14,0.22131153324224048
AHR,control,f,15,0
AHR,control,f,16,-0.036604464794751025
AHR,control,f,17,-0.022412405649172497
AHR,ecig0,f,18,0.16896109246429394
AHR,ecig0,f,19,0.21474823645277796
AHR,ecig0,f,20,0.03890258798764951
AHR,ecig3,f,21,-0.2902053182559004
AHR,ecig3,f,22,-0.1908846856065092
AHR,ecig3,f,23,-0.12597298558149267
AHR,ecig3,f,24,-0.2960410857518405
AHR,ecig6,f,25,-0.39215075184948434
AHR,ecig6,f,26,-0.4041885199340912
AHR,ecig6,f,27,-0.3240234494107855
AR,control,m,2,-0.08499003949980956
AR,control,m,3,-0.28691192969133744
AR,control,m,4,-0.02633843885262177
AR,ecig0,m,5,0.09810964918283384
AR,ecig0,m,6,0.24498910775719118
AR,ecig0,m,7,0.7616013133739377
AR,ecig3,m,8,-0.08549288000456619
AR,ecig3,m,9,-0.0665279902777346
AR,ecig3,m,10,-0.03985673266190602
AR,ecig3,m,11,-0.026009352861363067
AR,ecig6,m,12,0.047889356860204804
AR,ecig6,m,13,-0.7434730462110573
AR,ecig6,m,14,-0.15168449936514522
AR,control,f,15,0
AR,control,f,16,-0.08606459617233024
AR,control,f,17,-0.14643917210269816
AR,ecig0,f,18,-0.11439573318425049
AR,ecig0,f,19,-0.0016312213405042697
AR,ecig0,f,20,-0.15973897834112905
AR,ecig3,f,21,-0.1701358921253732
AR,ecig3,f,22,-0.18421265678261153
AR,ecig3,f,23,-0.15952307962823867
AR,ecig3,f,24,-0.29168457965459094
AR,ecig6,f,25,-0.6220410379081567
AR,ecig6,f,26,-0.7204608683985221
AR,ecig6,f,27,-0.4229479265858822
ARNT,control,m,2,0.14294776600698764
ARNT,control,m,3,0.07950027588088225
ARNT,control,m,4,0.1420703839816274
ARNT,ecig0,m,5,0.051131209089508835
ARNT,ecig0,m,6,-0.28659012862597116
ARNT,ecig0,m,7,-1.0193213408837547
ARNT,ecig3,m,8,-0.07319700880167454
ARNT,ecig3,m,9,-0.14424008777837433
ARNT,ecig3,m,10,-0.009198031723511592
ARNT,ecig3,m,11,-0.10041012040969821
ARNT,ecig6,m,12,0.12657137300687307
ARNT,ecig6,m,13,-0.12989444312900783
ARNT,ecig6,m,14,0.10604112730258922
ARNT,control,f,15,0
ARNT,control,f,16,-0.07221360401183884
ARNT,control,f,17,-0.03160616274674598
ARNT,ecig0,f,18,-0.03593196378443835
ARNT,ecig0,f,19,0.10197969080708975
ARNT,ecig0,f,20,-0.03570077274776819
ARNT,ecig3,f,21,-0.17832270388745086
ARNT,ecig3,f,22,-0.09223384469746884
ARNT,ecig3,f,23,-0.16812440969434608
ARNT,ecig3,f,24,-0.18008944893200077
ARNT,ecig6,f,25,0.01636712127624888
ARNT,ecig6,f,26,-0.03175270414863548
ARNT,ecig6,f,27,-0.14333079657347084
BRD8,control,m,2,0.015530498712298757
BRD8,control,m,3,0.22492967296612532
BRD8,control,m,4,0.19705230856967043
BRD8,ecig0,m,5,0.06577360910860058
BRD8,ecig0,m,6,0.1518341714789888
BRD8,ecig0,m,7,-1.868914986316256
BRD8,ecig3,m,8,0.23644966945819262
BRD8,ecig3,m,9,0.31592158831348344
BRD8,ecig3,m,10,0.37058863552606236
BRD8,ecig3,m,11,0.31429602633689746
BRD8,ecig6,m,12,0.088699391312379125
BRD8,ecig6,m,13,-0.3481685837149993
BRD8,ecig6,m,14,0.39308526936802196
BRD8,control,f,15,0
BRD8,control,f,16,0.15968756241786977
BRD8,control,f,17,0.24972623618095832
BRD8,ecig0,f,18,0.4989062233317828
BRD8,ecig0,f,19,0.290639403509646
BRD8,ecig0,f,20,0.567018775300694
BRD8,ecig3,f,21,0.3152502914231525
BRD8,ecig3,f,22,0.27792528123077975
BRD8,ecig3,f,23,0.2515463237407408
BRD8,ecig3,f,24,0.21327547730199278
BRD8,ecig6,f,25,-0.20529962736087667
BRD8,ecig6,f,26,-0.03698550856326211
BRD8,ecig6,f,27,0.1065596213671215
COPS2,control,m,2,0.22598749237088828
COPS2,control,m,3,0.3257915791933167
COPS2,control,m,4,0.3654469829941238
COPS2,ecig0,m,5,-0.09533884869074381
COPS2,ecig0,m,6,-0.06201603229072455
COPS2,ecig0,m,7,-0.9620157657591799
COPS2,ecig3,m,8,0.5245115939389655
COPS2,ecig3,m,9,0.34299050655358443
COPS2,ecig3,m,10,0.37086588415206934
COPS2,ecig3,m,11,0.32209902485450465
COPS2,ecig6,m,12,0.14934158290889257
COPS2,ecig6,m,13,-0.19216611009205062
COPS2,ecig6,m,14,0.12760450795199188
COPS2,control,f,15,0
COPS2,control,f,16,0.19918149372900124
COPS2,control,f,17,0.15626756063713212
COPS2,ecig0,f,18,0.28974847513447977
COPS2,ecig0,f,19,0.0679244684276201
COPS2,ecig0,f,20,0.2665282253889431
COPS2,ecig3,f,21,0.37930104566056944
COPS2,ecig3,f,22,0.32424657284357067
COPS2,ecig3,f,23,0.39390310766024234
COPS2,ecig3,f,24,0.3718198482083294
COPS2,ecig6,f,25,0.18618115213025715
COPS2,ecig6,f,26,0.18662890414580832
COPS2,ecig6,f,27,0.21884350871979089
CREBBP,control,m,2,0.032556454237057865
CREBBP,control,m,3,-0.05759179444445052
CREBBP,control,m,4,-0.0025254610456218827
CREBBP,ecig0,m,5,-0.5346436615330236
CREBBP,ecig0,m,6,0.05558494787535728
CREBBP,ecig0,m,7,-1.3780307909269225
CREBBP,ecig3,m,8,-0.11651341899774739
CREBBP,ecig3,m,9,-0.17581632814355141
CREBBP,ecig3,m,10,-0.09646482128652589
CREBBP,ecig3,m,11,-0.23493861929195747
CREBBP,ecig6,m,12,-0.0318414477913569
CREBBP,ecig6,m,13,-0.4255341956906298
CREBBP,ecig6,m,14,-0.1861102896692775
CREBBP,control,f,15,0
CREBBP,control,f,16,-0.12371200949005898
CREBBP,control,f,17,-0.17536183305609765
CREBBP,ecig0,f,18,-0.4043216353981744
CREBBP,ecig0,f,19,-0.13314129245624057
CREBBP,ecig0,f,20,-0.014975158576298686
CREBBP,ecig3,f,21,-0.30150959665307364
CREBBP,ecig3,f,22,-0.17401195434954217
CREBBP,ecig3,f,23,-0.17736813777119978
CREBBP,ecig3,f,24,-0.11968145867211408
CREBBP,ecig6,f,25,-0.17744712804206217
CREBBP,ecig6,f,26,-0.3270754721248225
CREBBP,ecig6,f,27,-0.35526795472073985
DDX5,control,m,2,-0.07203461157641819
DDX5,control,m,3,0.23266855209465545
DDX5,control,m,4,0.1260944210817434
DDX5,ecig0,m,5,-0.040506837040541595
DDX5,ecig0,m,6,0.10171177411094937
DDX5,ecig0,m,7,-0.9781982352360888
DDX5,ecig3,m,8,0.4408944920433803
DDX5,ecig3,m,9,0.2777362343935031
DDX5,ecig3,m,10,0.428732880218556
DDX5,ecig3,m,11,0.3760526309773591
DDX5,ecig6,m,12,-0.0045994373037497975
DDX5,ecig6,m,13,-0.4103622839091652
DDX5,ecig6,m,14,0.1684298949339448
DDX5,control,f,15,0
DDX5,control,f,16,0.15953554227005934
DDX5,control,f,17,0.03169924122140649
DDX5,ecig0,f,18,0.2828473624838828
DDX5,ecig0,f,19,0.19957030407140033
DDX5,ecig0,f,20,0.33154498488244516
DDX5,ecig3,f,21,0.3503073416281918
DDX5,ecig3,f,22,0.22844678702346544
DDX5,ecig3,f,23,0.34771125894558635
DDX5,ecig3,f,24,0.2967920351790256
DDX5,ecig6,f,25,-0.4122794235395514
DDX5,ecig6,f,26,-0.22660972137192584
DDX5,ecig6,f,27,-0.05538699055020858
ESR1,control,m,2,-0.33868517555559796
ESR1,control,m,3,-0.0396552231828087
ESR1,control,m,4,-0.2918779011178068
ESR1,ecig0,m,5,-0.7663861851550167
ESR1,ecig0,m,6,0.43289594444059104
ESR1,ecig0,m,7,-0.21018371862852467
ESR1,ecig3,m,8,-0.16199062250269602
ESR1,ecig3,m,9,-0.14603603273250484
ESR1,ecig3,m,10,-0.19161197407603126
ESR1,ecig3,m,11,-0.2340572034646531
ESR1,ecig6,m,12,-0.13047512999064273
ESR1,ecig6,m,13,-0.32794418448631
ESR1,ecig6,m,14,0.4174458207371349
ESR1,control,f,15,0
ESR1,control,f,16,0.12567508629778346
ESR1,control,f,17,0.15170153766290115
ESR1,ecig0,f,18,-0.3856252644274763
ESR1,ecig0,f,19,-1.3525256031022985
ESR1,ecig0,f,20,-0.17520349127837925
ESR1,ecig3,f,21,-0.10597225163958175
ESR1,ecig3,f,22,-0.12999685353353274
ESR1,ecig3,f,23,-0.2585008391125681
ESR1,ecig3,f,24,-0.12450305611266342
ESR1,ecig6,f,25,-0.31401299793497456
ESR1,ecig6,f,26,-0.2168704979222089
ESR1,ecig6,f,27,0.07741570336690931
ESR2,control,m,2,0.11714377580866761
ESR2,control,m,3,0.07963393319895751
ESR2,control,m,4,0.24066553434146815
ESR2,ecig0,m,5,-0.05319765959774385
ESR2,ecig0,m,6,0.45641391285183963
ESR2,ecig0,m,7,0.10644234008081135
ESR2,ecig3,m,8,0.15097762072932705
ESR2,ecig3,m,9,0.015815152676200088
ESR2,ecig3,m,10,0.18216432828011556
ESR2,ecig3,m,11,0.15386750868770208
ESR2,ecig6,m,12,0.08857325974419676
ESR2,ecig6,m,13,-1.6576340133535343
ESR2,ecig6,m,14,0.016982005145392998
ESR2,control,f,15,0
ESR2,control,f,16,0.10971357283769226
ESR2,control,f,17,0.09255907750478513
ESR2,ecig0,f,18,0.26996628896942104
ESR2,ecig0,f,19,0.3022516355923846
ESR2,ecig0,f,20,0.19158861414836956
ESR2,ecig3,f,21,0.1329263570393359
ESR2,ecig3,f,22,-0.009848858574137708
ESR2,ecig3,f,23,-0.27994621600367
ESR2,ecig3,f,24,-0.21262507189335916
ESR2,ecig6,f,25,-0.5972789125248291
ESR2,ecig6,f,26,-0.5578471740108003
ESR2,ecig6,f,27,-0.4449366626191578
ESRRA,control,m,2,0.11511513466788817
ESRRA,control,m,3,0.15435168533272753
ESRRA,control,m,4,0.1483444511512556
ESRRA,ecig0,m,5,0.6675151107011514
ESRRA,ecig0,m,6,0.8779678899398005
ESRRA,ecig0,m,7,-0.09970601124984038
ESRRA,ecig3,m,8,0.11165527651572403
ESRRA,ecig3,m,9,-0.2489786582897256
ESRRA,ecig3,m,10,-0.010081253730789629
ESRRA,ecig3,m,11,-0.057342963050034765
ESRRA,ecig6,m,12,0.3981470887451122
ESRRA,ecig6,m,13,0.32887256099293816
ESRRA,ecig6,m,14,0.22804166085530103
ESRRA,control,f,15,0
ESRRA,control,f,16,-0.00971225116210471
ESRRA,control,f,17,-0.05560909048100938
ESRRA,ecig0,f,18,0.43183433205788335
ESRRA,ecig0,f,19,0.36368011753757207
ESRRA,ecig0,f,20,0.13531828117888328
ESRRA,ecig3,f,21,-0.12218151278610447
ESRRA,ecig3,f,22,-0.25402632925702
ESRRA,ecig3,f,23,-0.3450322123961754
ESRRA,ecig3,f,24,-0.42397552257907917
ESRRA,ecig6,f,25,0.1061050660736679
ESRRA,ecig6,f,26,0.17752816531689547
ESRRA,ecig6,f,27,-0.06453589417842803
ESRRB,control,m,2,-1.008750853204011
ESRRB,control,m,3,-0.5423569531119217
ESRRB,control,m,4,-0.9605287377865982
ESRRB,ecig0,m,5,0.5873267404561796
ESRRB,ecig0,m,6,1.0663614921261901
ESRRB,ecig0,m,7,0.28716630003767296
ESRRB,ecig3,m,8,0.30278072591276395
ESRRB,ecig3,m,9,-1.0530583745578066
ESRRB,ecig3,m,10,-1.2578791836075802
ESRRB,ecig3,m,11,-1.1127827256975416
ESRRB,ecig6,m,12,-0.22161166014791803
ESRRB,ecig6,m,13,-0.3143541853320603
ESRRB,ecig6,m,14,0.20050765127189918
ESRRB,control,f,15,0
ESRRB,control,f,16,-0.8922882480695309
ESRRB,control,f,17,-0.03555958967980002
ESRRB,ecig0,f,18,0.16000876142324297
ESRRB,ecig0,f,19,0.0011873225088976699
ESRRB,ecig0,f,20,0.1877113478042167
ESRRB,ecig3,f,21,-0.8148120978794939
ESRRB,ecig3,f,22,-0.9231266037093376
ESRRB,ecig3,f,23,-0.8278382678518652
ESRRB,ecig3,f,24,-1.0789887973543062
ESRRB,ecig6,f,25,-0.8455145685792571
ESRRB,ecig6,f,26,-0.5987565483615443
ESRRB,ecig6,f,27,-0.7912764891104987
ESRRG,control,m,2,-0.05397010256661812
ESRRG,control,m,3,-0.2952808646007907
ESRRG,control,m,4,-0.23450941072413872
ESRRG,ecig0,m,5,0.6035399149926457
ESRRG,ecig0,m,6,0.15340464496636835
ESRRG,ecig0,m,7,0.3333783177620378
ESRRG,ecig3,m,8,0.4048970241318867
ESRRG,ecig3,m,9,0.21886048681154574
ESRRG,ecig3,m,10,0.29249242375095613
ESRRG,ecig3,m,11,0.22716891469187261
ESRRG,ecig6,m,12,-0.04371015743040066
ESRRG,ecig6,m,13,-0.5547889500788507
ESRRG,ecig6,m,14,-0.7124491958879225
ESRRG,control,f,15,0
ESRRG,control,f,16,-0.3802151533454021
ESRRG,control,f,17,-0.5565663515852487
ESRRG,ecig0,f,18,0.5751523047535398
ESRRG,ecig0,f,19,-0.9117695246509241
ESRRG,ecig0,f,20,0.5589918104663145
ESRRG,ecig3,f,21,0.14754617980875312
ESRRG,ecig3,f,22,0.1759047105502781
ESRRG,ecig3,f,23,0.2754881423858847
ESRRG,ecig3,f,24,0.04743474136075346
ESRRG,ecig6,f,25,-1.0104311424338088
ESRRG,ecig6,f,26,-0.3492987105247209
ESRRG,ecig6,f,27,-0.12915107965771547
HDAC1,control,m,2,0.07617208824882125
HDAC1,control,m,3,0.2881875141949643
HDAC1,control,m,4,0.18092552964196099
HDAC1,ecig0,m,5,0.19202649238006206
HDAC1,ecig0,m,6,0.24401647984120098
HDAC1,ecig0,m,7,1.086590286392816
HDAC1,ecig3,m,8,0.11488653248918099
HDAC1,ecig3,m,9,0.08357941294012723
HDAC1,ecig3,m,10,0.049141581436167765
HDAC1,ecig3,m,11,0.05726939131909557
HDAC1,ecig6,m,12,0.24439692154972115
HDAC1,ecig6,m,13,0.18695317365713787
HDAC1,ecig6,m,14,0.4015056804067354
HDAC1,control,f,15,0
HDAC1,control,f,16,0.014051357725605743
HDAC1,control,f,17,0.033815181060929476
HDAC1,ecig0,f,18,0.1972136606473464
HDAC1,ecig0,f,19,0.11075802651064776
HDAC1,ecig0,f,20,0.14705303246985788
HDAC1,ecig3,f,21,0.03023448946850435
HDAC1,ecig3,f,22,0.0847847370427653
HDAC1,ecig3,f,23,-0.04891201596147395
HDAC1,ecig3,f,24,-0.08564008367244318
HDAC1,ecig6,f,25,0.05055720509377669
HDAC1,ecig6,f,26,0.15829686404390228
HDAC1,ecig6,f,27,-0.01312538945894233
HDAC2,control,m,2,0.18809534166668448
HDAC2,control,m,3,0.4484835786460683
HDAC2,control,m,4,0.3117486503075907
HDAC2,ecig0,m,5,0.3652773826945654
HDAC2,ecig0,m,6,0.6673760348431539
HDAC2,ecig0,m,7,1.1869344210274644
HDAC2,ecig3,m,8,0.15982850466183868
HDAC2,ecig3,m,9,0.14387391489164847
HDAC2,ecig3,m,10,0.023642534623454434
HDAC2,ecig3,m,11,0.08535368373457007
HDAC2,ecig6,m,12,0.38950782889955166
HDAC2,ecig6,m,13,0.4216521128665477
HDAC2,ecig6,m,14,0.6495471721139594
HDAC2,control,f,15,0
HDAC2,control,f,16,0.17056558234118313
HDAC2,control,f,17,0.1725240834929735
HDAC2,ecig0,f,18,0.35149333960511026
HDAC2,ecig0,f,19,0.20414475588551007
HDAC2,ecig0,f,20,0.3912115382630119
HDAC2,ecig3,f,21,0.13341191842234154
HDAC2,ecig3,f,22,0.31325687079186554
HDAC2,ecig3,f,23,0.10628670757305238
HDAC2,ecig3,f,24,0.1238876303895304
HDAC2,ecig6,f,25,0.15948310284481362
HDAC2,ecig6,f,26,0.407888058168804
HDAC2,ecig6,f,27,0.1524787369057047
HDAC3,control,m,2,0.06333466408373074
HDAC3,control,m,3,0.1506971811853672
HDAC3,control,m,4,0.1496394821926028
HDAC3,ecig0,m,5,0.4512112114367804
HDAC3,ecig0,m,6,0.5402023008149572
HDAC3,ecig0,m,7,-0.15815610241792866
HDAC3,ecig3,m,8,0.04964731182888339
HDAC3,ecig3,m,9,-0.04036065687464684
HDAC3,ecig3,m,10,-0.026633689072369217
HDAC3,ecig3,m,11,-0.027235749063697866
HDAC3,ecig6,m,12,0.320489778703684
HDAC3,ecig6,m,13,0.3455616639525496
HDAC3,ecig6,m,14,0.5265694951953233
HDAC3,control,f,15,0
HDAC3,control,f,16,-0.11573170430500633
HDAC3,control,f,17,0.017849754210893805
HDAC3,ecig0,f,18,0.2939662064037279
HDAC3,ecig0,f,19,0.21417477431103893
HDAC3,ecig0,f,20,0.20955679355955656
HDAC3,ecig3,f,21,-0.06238942989734633
HDAC3,ecig3,f,22,-0.05846881523381819
HDAC3,ecig3,f,23,-0.10939586578026793
HDAC3,ecig3,f,24,-0.19530049461290128
HDAC3,ecig6,f,25,0.08054701738180474
HDAC3,ecig6,f,26,0.12833294033550016
HDAC3,ecig6,f,27,-0.07537387711231865
HDAC4,control,m,2,0.14440234294603715
HDAC4,control,m,3,0.21063767186198737
HDAC4,control,m,4,0.1510091686728734
HDAC4,ecig0,m,5,0.49573234367550034
HDAC4,ecig0,m,6,0.6726822905767231
HDAC4,ecig0,m,7,0.07071700328539648
HDAC4,ecig3,m,8,-0.18380837349843424
HDAC4,ecig3,m,9,-0.22896287284803202
HDAC4,ecig3,m,10,-0.10535995662840064
HDAC4,ecig3,m,11,-0.06321575723544307
HDAC4,ecig6,m,12,0.27823178997236614
HDAC4,ecig6,m,13,0.23234368052333507
HDAC4,ecig6,m,14,0.4370464858148078
HDAC4,control,f,15,0
HDAC4,control,f,16,-0.08239172919523369
HDAC4,control,f,17,0.002671219769525332
HDAC4,ecig0,f,18,0.31567167321108336
HDAC4,ecig0,f,19,0.32815255744930966
HDAC4,ecig0,f,20,0.2125279596167599
HDAC4,ecig3,f,21,-0.16589769081641936
HDAC4,ecig3,f,22,-0.0647723833430218
HDAC4,ecig3,f,23,-0.2411341176327179
HDAC4,ecig3,f,24,-0.2715673471043581
HDAC4,ecig6,f,25,-0.014402057670553355
HDAC4,ecig6,f,26,0.01744583216271228
HDAC4,ecig6,f,27,-0.04046673984511898
HDAC5,control,m,2,0.026800459689967315
HDAC5,control,m,3,-0.07027117786181764
HDAC5,control,m,4,0.1186186421694246
HDAC5,ecig0,m,5,0.41197014532200565
HDAC5,ecig0,m,6,0.46148506415879537
HDAC5,ecig0,m,7,-0.5175612327810778
HDAC5,ecig3,m,8,-0.018075105265647238
HDAC5,ecig3,m,9,-0.15564581328408686
HDAC5,ecig3,m,10,-0.18195583490511846
HDAC5,ecig3,m,11,-0.1542610753040326
HDAC5,ecig6,m,12,0.2561900726598537
HDAC5,ecig6,m,13,-0.1764375938486033
HDAC5,ecig6,m,14,0.31241555215998384
HDAC5,control,f,15,0
HDAC5,control,f,16,-0.11800809313221738
HDAC5,control,f,17,-0.08203711586034061
HDAC5,ecig0,f,18,0.31283687374191593
HDAC5,ecig0,f,19,0.30913137511328875
HDAC5,ecig0,f,20,0.2089812242078468
HDAC5,ecig3,f,21,-0.2076047946556726
HDAC5,ecig3,f,22,-0.17652013627341434
HDAC5,ecig3,f,23,-0.2671081897785886
HDAC5,ecig3,f,24,-0.34443647403475575
HDAC5,ecig6,f,25,-0.22355107599798374
HDAC5,ecig6,f,26,-0.017617539672237205
HDAC5,ecig6,f,27,-0.09549261481252916
HDAC6,control,m,2,0.011729091927054177
HDAC6,control,m,3,0.1399422825302797
HDAC6,control,m,4,0.19528767073508907
HDAC6,ecig0,m,5,0.5337954794172406
HDAC6,ecig0,m,6,0.04305397224585327
HDAC6,ecig0,m,7,-0.027260433523342054
HDAC6,ecig3,m,8,0.07329923858820213
HDAC6,ecig3,m,9,0.3487416846207447
HDAC6,ecig3,m,10,0.046086126980178554
HDAC6,ecig3,m,11,0.11893538593086228
HDAC6,ecig6,m,12,0.37258904005324894
HDAC6,ecig6,m,13,0.20456312737348445
HDAC6,ecig6,m,14,0.6120827850335955
HDAC6,control,f,15,0
HDAC6,control,f,16,0.0644488965096826
HDAC6,control,f,17,0.1030282986939879
HDAC6,ecig0,f,18,0.5034800730859027
HDAC6,ecig0,f,19,0.33528124877662835
HDAC6,ecig0,f,20,0.551629820892356
HDAC6,ecig3,f,21,-0.04467110538256061
HDAC6,ecig3,f,22,0.03651247002807589
HDAC6,ecig3,f,23,-0.03048867919684255
HDAC6,ecig3,f,24,-0.05047676987893426
HDAC6,ecig6,f,25,0.11727237582281548
HDAC6,ecig6,f,26,0.19953406005992338
HDAC6,ecig6,f,27,-0.012333981600342025
HDAC7,control,m,2,0.03972458049380952
HDAC7,control,m,3,0.5446978827702031
HDAC7,control,m,4,0.17696638313898777
HDAC7,ecig0,m,5,-0.35091903457938095
HDAC7,ecig0,m,6,0.7102363845957964
HDAC7,ecig0,m,7,-0.3316905629883481
HDAC7,ecig3,m,8,0.4002473148188607
HDAC7,ecig3,m,9,0.6485970612416461
HDAC7,ecig3,m,10,0.34232914365311096
HDAC7,ecig3,m,11,0.27519945462004347
HDAC7,ecig6,m,12,0.0739314617850959
HDAC7,ecig6,m,13,-0.31653364250066734
HDAC7,ecig6,m,14,0.43000990966616287
HDAC7,control,f,15,0
HDAC7,control,f,16,0.4254407559799767
HDAC7,control,f,17,0.5529763280629624
HDAC7,ecig0,f,18,0.284258892133552
HDAC7,ecig0,f,19,0.04790507062597811
HDAC7,ecig0,f,20,0.3862183537249342
HDAC7,ecig3,f,21,0.21644923654627768
HDAC7,ecig3,f,22,0.5620485292482854
HDAC7,ecig3,f,23,0.5490897899949426
HDAC7,ecig3,f,24,0.41232794957485375
HDAC7,ecig6,f,25,-0.30115329755020553
HDAC7,ecig6,f,26,-0.0656279105906981
HDAC7,ecig6,f,27,0.01763024313805612
HNF4A,control,m,2,-0.6734567203435674
HNF4A,control,m,3,-0.20706282025147796
HNF4A,control,m,4,-0.6252346049261546
HNF4A,ecig0,m,5,0.9226208733166232
HNF4A,ecig0,m,6,1.4016556249866337
HNF4A,ecig0,m,7,0.6224604328981165
HNF4A,ecig3,m,8,-0.13376605010924136
HNF4A,ecig3,m,9,-0.8733967494556423
HNF4A,ecig3,m,10,-0.09204329271021237
HNF4A,ecig3,m,11,-0.7774885928370978
HNF4A,ecig6,m,12,0.1136824727125256
HNF4A,ecig6,m,13,0.020939947528383348
HNF4A,ecig6,m,14,0.5358017841323428
HNF4A,control,f,15,0
HNF4A,control,f,16,-0.5569941152090874
HNF4A,control,f,17,-0.7239414374143871
HNF4A,ecig0,f,18,0.4953028942836865
HNF4A,ecig0,f,19,0.33648145536934126
HNF4A,ecig0,f,20,0.5230054806646603
HNF4A,ecig3,f,21,0.1836493092487253
HNF4A,ecig3,f,22,-0.587832470848894
HNF4A,ecig3,f,23,-0.7296910501255708
HNF4A,ecig3,f,24,-0.023603822166008866
HNF4A,ecig6,f,25,-0.5102204357188135
HNF4A,ecig6,f,26,-0.2634624155011007
HNF4A,ecig6,f,27,2.0752027747409
ITGB3BP,control,m,2,-0.07072181976532677
ITGB3BP,control,m,3,0.23742482602614706
ITGB3BP,control,m,4,0.03476914511718849
ITGB3BP,ecig0,m,5,0.09849316139731144
ITGB3BP,ecig0,m,6,-0.005956420318203632
ITGB3BP,ecig0,m,7,-0.7851516124067207
ITGB3BP,ecig3,m,8,-0.015758077389021526
ITGB3BP,ecig3,m,9,-0.04646313694674767
ITGB3BP,ecig3,m,10,-0.14953580746209422
ITGB3BP,ecig3,m,11,-0.12184104786100829
ITGB3BP,ecig6,m,12,0.3794633610342321
ITGB3BP,ecig6,m,13,-0.6463935818793823
ITGB3BP,ecig6,m,14,0.4441417628126077
ITGB3BP,control,f,15,0
ITGB3BP,control,f,16,-0.2634049789779284
ITGB3BP,control,f,17,-0.27446421895863177
ITGB3BP,ecig0,f,18,0.1819424089673122
ITGB3BP,ecig0,f,19,-0.4160450679613102
ITGB3BP,ecig0,f,20,0.03771231538479409
ITGB3BP,ecig3,f,21,0.0243318933135245
ITGB3BP,ecig3,f,22,-0.07747705328002502
ITGB3BP,ecig3,f,23,-0.7337212397075211
ITGB3BP,ecig3,f,24,-0.1973288347236848
ITGB3BP,ecig6,f,25,-0.2534367319075119
ITGB3BP,ecig6,f,26,-0.19635018620778152
ITGB3BP,ecig6,f,27,-0.2337376300212563
KAT2B,control,m,2,-0.07164026228209842
KAT2B,control,m,3,0.2532909129776119
KAT2B,control,m,4,0.17592180905403268
KAT2B,ecig0,m,5,-0.2236667317223176
KAT2B,ecig0,m,6,0.36010267706910065
KAT2B,ecig0,m,7,-0.4653698562528401
KAT2B,ecig3,m,8,0.5414487456150023
KAT2B,ecig3,m,9,0.4330779471759692
KAT2B,ecig3,m,10,0.28003429738040175
KAT2B,ecig3,m,11,0.3853947958627945
KAT2B,ecig6,m,12,0.15523815846395822
KAT2B,ecig6,m,13,-0.420244496606823
KAT2B,ecig6,m,14,0.3456179565617388
KAT2B,control,f,15,0
KAT2B,control,f,16,0.15822816899889003
KAT2B,control,f,17,0.22238699300475123
KAT2B,ecig0,f,18,0.3876070050949308
KAT2B,ecig0,f,19,0.19767802951865676
KAT2B,ecig0,f,20,0.4244910063436559
KAT2B,ecig3,f,21,0.3342913417388851
KAT2B,ecig3,f,22,0.08004261152106949
KAT2B,ecig3,f,23,0.3459514375909353
KAT2B,ecig3,f,24,0.224947915383864
KAT2B,ecig6,f,25,-0.5234823121777913
KAT2B,ecig6,f,26,-0.31692474067103343
KAT2B,ecig6,f,27,0.054976927490115415
KAT5,control,m,2,0.004107614496832863
KAT5,control,m,3,0.08070529895352538
KAT5,control,m,4,0.09250188180560898
KAT5,ecig0,m,5,0.19974971794881655
KAT5,ecig0,m,6,0.22826659046806094
KAT5,ecig0,m,7,-0.755333387216221
KAT5,ecig3,m,8,-0.06963943631291823
KAT5,ecig3,m,9,-0.0491693966077671
KAT5,ecig3,m,10,-0.1582626670363942
KAT5,ecig3,m,11,-0.12695554748734036
KAT5,ecig6,m,12,0.15933487567495008
KAT5,ecig6,m,13,-0.07011500350006764
KAT5,ecig6,m,14,0.05933572141533092
KAT5,control,f,15,0
KAT5,control,f,16,-0.06691457299816644
KAT5,control,f,17,-0.05821239788351168
KAT5,ecig0,f,18,0.05000367113774924
KAT5,ecig0,f,19,0.034088997944983275
KAT5,ecig0,f,20,0.022545822143250595
KAT5,ecig3,f,21,-0.13787059410012098
KAT5,ecig3,f,22,0.008430886882560931
KAT5,ecig3,f,23,-0.13627874748304875
KAT5,ecig3,f,24,-0.09197435684120608
KAT5,ecig6,f,25,-0.04149024183037734
KAT5,ecig6,f,26,0.08692987679186776
KAT5,ecig6,f,27,-0.11353996511257694
MED1,control,m,2,0.024130925688418188
MED1,control,m,3,0.060366508326483936
MED1,control,m,4,0.02896317959081673
MED1,ecig0,m,5,0.5020611983043389
MED1,ecig0,m,6,0.6475113664592829
MED1,ecig0,m,7,-0.22097413882310168
MED1,ecig3,m,8,-0.16156225681886652
MED1,ecig3,m,9,-0.22447752591263845
MED1,ecig3,m,10,-0.1520497089558844
MED1,ecig3,m,11,-0.10569108962363237
MED1,ecig6,m,12,0.1832216058308864
MED1,ecig6,m,13,0.057486795181963646
MED1,ecig6,m,14,0.3548917876381589
MED1,control,f,15,0
MED1,control,f,16,-0.13489798309893763
MED1,control,f,17,-0.06288769474616876
MED1,ecig0,f,18,0.09288659814006626
MED1,ecig0,f,19,0.23738087564677876
MED1,ecig0,f,20,0.32137709471890274
MED1,ecig3,f,21,-0.2641860916106798
MED1,ecig3,f,22,-0.17181563950117773
MED1,ecig3,f,23,-0.2950841113956259
MED1,ecig3,f,24,-0.2858518224586063
MED1,ecig6,f,25,-0.1275122723613217
MED1,ecig6,f,26,-0.0939322559330045
MED1,ecig6,f,27,-0.13220382484374413
MED12,control,m,2,0.04282217914919119
MED12,control,m,3,0.047562799520908215
MED12,control,m,4,0.1460801035238717
MED12,ecig0,m,5,0.1281214366605466
MED12,ecig0,m,6,-0.6860837245416896
MED12,ecig0,m,7,1.2636178990329197
MED12,ecig3,m,8,0.037122657829287344
MED12,ecig3,m,9,0.23700657495017022
MED12,ecig3,m,10,0.1881193036543402
MED12,ecig3,m,11,0.06499803542777226
MED12,ecig6,m,12,-0.03980459426665737
MED12,ecig6,m,13,-0.953393604417374
MED12,ecig6,m,14,-0.4008169237766562
MED12,control,f,15,0
MED12,control,f,16,0.0767167719229765
MED12,control,f,17,0.04591839306659478
MED12,ecig0,f,18,-0.4842050622575374
MED12,ecig0,f,19,-0.3095472781552988
MED12,ecig0,f,20,0.13673131597853014
MED12,ecig3,f,21,0.08899644771209923
MED12,ecig3,f,22,0.22878664988856973
MED12,ecig3,f,23,0.16092003942611646
MED12,ecig3,f,24,0.28780297847850334
MED12,ecig6,f,25,-0.016291321923341453
MED12,ecig6,f,26,-0.040739954669184016
MED12,ecig6,f,27,-0.28587512218027133
MED13,control,m,2,0.07989613032517982
MED13,control,m,3,0.11674942651434778
MED13,control,m,4,0.14315379093602135
MED13,ecig0,m,5,0.029405874302439416
MED13,ecig0,m,6,0.011285975773436848
MED13,ecig0,m,7,0.931955693070163
MED13,ecig3,m,8,-0.1301004078520417
MED13,ecig3,m,9,-0.16170855739675988
MED13,ecig3,m,10,-0.1175775600324193
MED13,ecig3,m,11,-0.06610143077387876
MED13,ecig6,m,12,0.15578422687609256
MED13,ecig6,m,13,-0.1511086289834406
MED13,ecig6,m,14,0.2192798818015045
MED13,control,f,15,0
MED13,control,f,16,-0.08528101509361674
MED13,control,f,17,-0.0780933218871482
MED13,ecig0,f,18,0.032193833504281684
MED13,ecig0,f,19,0.04466388066266366
MED13,ecig0,f,20,-0.06562074607680313
MED13,ecig3,f,21,-0.18773741700184207
MED13,ecig3,f,22,-0.12165772059364977
MED13,ecig3,f,23,-0.21002868818075873
MED13,ecig3,f,24,-0.2713229107478801
MED13,ecig6,f,25,-0.1340009739178586
MED13,ecig6,f,26,-0.07929015694390881
MED13,ecig6,f,27,-0.18541057554735643
MED14,control,m,2,-0.07995200149237662
MED14,control,m,3,-0.06640203932754847
MED14,control,m,4,-0.04526660291998202
MED14,ecig0,m,5,0.24796147793437728
MED14,ecig0,m,6,-0.3521752327512883
MED14,ecig0,m,7,-0.41397831642308036
MED14,ecig3,m,8,-0.3151871955360619
MED14,ecig3,m,9,-0.21343905700163596
MED14,ecig3,m,10,-0.14944007992347297
MED14,ecig3,m,11,-0.11572472040910763
MED14,ecig6,m,12,0.11295638836298309
MED14,ecig6,m,13,-0.21291640872316422
MED14,ecig6,m,14,0.2018102080631373
MED14,control,f,15,0
MED14,control,f,16,-0.24271669252592226
MED14,control,f,17,-0.2175900198178452
MED14,ecig0,f,18,0.07472846880161572
MED14,ecig0,f,19,0.12627100527719945
MED14,ecig0,f,20,-0.015598591697319
MED14,ecig3,f,21,-0.29155363160647835
MED14,ecig3,f,22,-0.23484168763335464
MED14,ecig3,f,23,-0.2531184227900967
MED14,ecig3,f,24,-0.29401936830096087
MED14,ecig6,f,25,-0.15681272595927853
MED14,ecig6,f,26,-0.11175865021623459
MED14,ecig6,f,27,-0.29218832324933647
MED16,control,m,2,0.02305173315396361
MED16,control,m,3,0.0035492038548775025
MED16,control,m,4,-0.042337882092167066
MED16,ecig0,m,5,-0.002136951733218805
MED16,ecig0,m,6,0.3463118909077441
MED16,ecig0,m,7,-0.08839571225275408
MED16,ecig3,m,8,0.12658907357061744
MED16,ecig3,m,9,-0.05974849374538683
MED16,ecig3,m,10,-0.08967087531438633
MED16,ecig3,m,11,-0.08816572533606672
MED16,ecig6,m,12,0.14360515531151996
MED16,ecig6,m,13,0.19015071427108007
MED16,ecig6,m,14,0.2227995245108078
MED16,control,f,15,0
MED16,control,f,16,-0.08835964885927244
MED16,control,f,17,0.06726443005912806
MED16,ecig0,f,18,-0.09685471533691027
MED16,ecig0,f,19,0.020656738508460927
MED16,ecig0,f,20,0.12265605647126954
MED16,ecig3,f,21,-0.2366343212575336
MED16,ecig3,f,22,-0.12114295930106458
MED16,ecig3,f,23,0.0204714846491301
MED16,ecig3,f,24,-0.4608878206473979
MED16,ecig6,f,25,0.06287174015639824
MED16,ecig6,f,26,-0.05757415408670489
MED16,ecig6,f,27,-0.17987914937703106
MED17,control,m,2,0.0571665594725761
MED17,control,m,3,0.27065040973756743
MED17,control,m,4,0.1951708710967712
MED17,ecig0,m,5,0.3147624422121808
MED17,ecig0,m,6,-0.9051137514467931
MED17,ecig0,m,7,-1.68430894353531
MED17,ecig3,m,8,0.42135674223480163
MED17,ecig3,m,9,0.4270763121524179
MED17,ecig3,m,10,0.311661411814848
MED17,ecig3,m,11,0.30142639196227194
MED17,ecig6,m,12,0.09826913487453738
MED17,ecig6,m,13,0.006069065742582
MED17,ecig6,m,14,0.14720457096967388
MED17,control,f,15,0
MED17,control,f,16,0.2570114631060228
MED17,control,f,17,0.13340493452644395
MED17,ecig0,f,18,0.16389746690723112
MED17,ecig0,f,19,0.21624405450123307
MED17,ecig0,f,20,0.4814537083031688
MED17,ecig3,f,21,0.35990809127990425
MED17,ecig3,f,22,0.2774008869783341
MED17,ecig3,f,23,0.4249073910336592
MED17,ecig3,f,24,0.34872874033093276
MED17,ecig6,f,25,0.002562487735090255
MED17,ecig6,f,26,0.039642579922991694
MED17,ecig6,f,27,0.11194655313952934
MED24,control,m,2,0.325401745348931
MED24,control,m,3,-0.1926191000295245
MED24,control,m,4,0.16203589741404467
MED24,ecig0,m,5,0.7956512376254858
MED24,ecig0,m,6,1.2746859892954963
MED24,ecig0,m,7,0.4954907972069792
MED24,ecig3,m,8,-0.10299596807245225
MED24,ecig3,m,9,-0.18246788692774313
MED24,ecig3,m,10,-0.18589962887831202
MED24,ecig3,m,11,-0.6413580123179149
MED24,ecig6,m,12,-0.013287162978611735
MED24,ecig6,m,13,-0.10602968816275407
MED24,ecig6,m,14,0.40883214844120547
MED24,control,f,15,0
MED24,control,f,16,-0.055942029656212686
MED24,control,f,17,-0.25285177041993573
MED24,ecig0,f,18,0.36833325859254923
MED24,ecig0,f,19,0.20951181967820395
MED24,ecig0,f,20,0.3960358449735229
MED24,ecig3,f,21,-0.06876554623550575
MED24,ecig3,f,22,-0.3997967933273502
MED24,ecig3,f,23,-0.2302503781394874
MED24,ecig3,f,24,-0.3379995496374717
MED24,ecig6,f,25,-0.29157753338813425
MED24,ecig6,f,26,-0.2955919489983091
MED24,ecig6,f,27,-0.5829519919411925
MED4,control,m,2,0.0014447031551897388
MED4,control,m,3,-0.09355735317640505
MED4,control,m,4,0.0025839210707817866
MED4,ecig0,m,5,0.23214084651225625
MED4,ecig0,m,6,0.12434320918496733
MED4,ecig0,m,7,-0.5280129942305313
MED4,ecig3,m,8,-0.05213574618504018
MED4,ecig3,m,9,-0.04942647622406418
MED4,ecig3,m,10,-0.12510541713398918
MED4,ecig3,m,11,-0.07182310790146461
MED4,ecig6,m,12,0.24894066830427264
MED4,ecig6,m,13,0.0012528868419537603
MED4,ecig6,m,14,0.43593026659088474
MED4,control,f,15,0
MED4,control,f,16,-0.03181748580370227
MED4,control,f,17,-0.09550008035642121
MED4,ecig0,f,18,0.06909890685270365
MED4,ecig0,f,19,0.13423957029242092
MED4,ecig0,f,20,0.07503822866715366
MED4,ecig3,f,21,-0.1228507024664668
MED4,ecig3,f,22,-0.05793448699151506
MED4,ecig3,f,23,-0.1100183958113014
MED4,ecig3,f,24,-0.15829848960587653
MED4,ecig6,f,25,-0.01430000850202427
MED4,ecig6,f,26,-0.15717594875204657
MED4,ecig6,f,27,-0.10166523487362018
MTA1,control,m,2,-0.01993535022685327
MTA1,control,m,3,0.13949946740665733
MTA1,control,m,4,0.014236792202935061
MTA1,ecig0,m,5,-0.20348477772301787
MTA1,ecig0,m,6,0.17846268283543304
MTA1,ecig0,m,7,-1.5819325553999346
MTA1,ecig3,m,8,0.24377523440267476
MTA1,ecig3,m,9,0.2768885339257125
MTA1,ecig3,m,10,0.28068151187107937
MTA1,ecig3,m,11,0.22228169271226625
MTA1,ecig6,m,12,-0.05283377453898504
MTA1,ecig6,m,13,-0.7146735065258835
MTA1,ecig6,m,14,-0.10519643713475728
MTA1,control,f,15,0
MTA1,control,f,16,0.10353613629667106
MTA1,control,f,17,0.021022610365191898
MTA1,ecig0,f,18,0.15047393734058132
MTA1,ecig0,f,19,0.23156106274060714
MTA1,ecig0,f,20,0.015091717390619411
MTA1,ecig3,f,21,0.26234125938524994
MTA1,ecig3,f,22,0.28603141695401885
MTA1,ecig3,f,23,0.30458600279675996
MTA1,ecig3,f,24,0.22073861295449465
MTA1,ecig6,f,25,0.04405796748739033
MTA1,ecig6,f,26,0.10701008265263329
MTA1,ecig6,f,27,0.027564232994965722
NCOA1,control,m,2,0.0140482270136496
NCOA1,control,m,3,0.048495390447474536
NCOA1,control,m,4,-0.0036206081698481134
NCOA1,ecig0,m,5,-0.1944999354424339
NCOA1,ecig0,m,6,-0.5737772599393448
NCOA1,ecig0,m,7,-0.9061987839631643
NCOA1,ecig3,m,8,-0.010344353947000893
NCOA1,ecig3,m,9,-0.03382469360879125
NCOA1,ecig3,m,10,0.0012754038856294865
NCOA1,ecig3,m,11,-0.05290999533388816
NCOA1,ecig6,m,12,0.07337455629311727
NCOA1,ecig6,m,13,-0.06766973684528876
NCOA1,ecig6,m,14,-0.052122440659231405
NCOA1,control,f,15,0
NCOA1,control,f,16,-0.02676830968643114
NCOA1,control,f,17,0.049099076000780666
NCOA1,ecig0,f,18,6.377621488135204e-4
NCOA1,ecig0,f,19,0.1300961934321013
NCOA1,ecig0,f,20,0.014221439673155345
NCOA1,ecig3,f,21,-0.03153144710182391
NCOA1,ecig3,f,22,-0.0460820329722378
NCOA1,ecig3,f,23,-0.20876014777903154
NCOA1,ecig3,f,24,-0.0501275750839644
NCOA1,ecig6,f,25,-0.1732676275822632
NCOA1,ecig6,f,26,-0.15804833367948035
NCOA1,ecig6,f,27,-0.17112850843307484
NCOA2,control,m,2,-3.369764931766099
NCOA2,control,m,3,-0.11416857594952236
NCOA2,control,m,4,-0.16460693440101024
NCOA2,ecig0,m,5,0.15451574668036516
NCOA2,ecig0,m,6,-0.3544838317880342
NCOA2,ecig0,m,7,-2.073847778524415
NCOA2,ecig3,m,8,-0.1743876397841299
NCOA2,ecig3,m,9,-0.24543071876082964
NCOA2,ecig3,m,10,-0.12724634246315014
NCOA2,ecig3,m,11,-0.21725431116668034
NCOA2,ecig6,m,12,0.026641756676254198
NCOA2,ecig6,m,13,-0.4914161153916698
NCOA2,ecig6,m,14,-0.23301949286360021
NCOA2,control,f,15,0
NCOA2,control,f,16,-0.1557689947583115
NCOA2,control,f,17,-0.21113503362082192
NCOA2,ecig0,f,18,-0.1913844556053083
NCOA2,ecig0,f,19,-0.07944837830962968
NCOA2,ecig0,f,20,-0.2170713451353155
NCOA2,ecig3,f,21,-0.33912329461128765
NCOA2,ecig3,f,22,-0.2720809042769626
NCOA2,ecig3,f,23,-0.31911774418944544
NCOA2,ecig3,f,24,-0.3652945414043166
NCOA2,ecig6,f,25,-0.2976902484800864
NCOA2,ecig6,f,26,-0.3805052860552222
NCOA2,ecig6,f,27,-0.3292845506450037
NCOA3,control,m,2,-0.08658248817687163
NCOA3,control,m,3,-0.02338906736710464
NCOA3,control,m,4,-0.03685311557116844
NCOA3,ecig0,m,5,-0.27068069335513006
NCOA3,ecig0,m,6,-0.5906746756559559
NCOA3,ecig0,m,7,-1.369869867744473
NCOA3,ecig3,m,8,-0.11762421968174815
NCOA3,ecig3,m,9,-0.12274172960803571
NCOA3,ecig3,m,10,-0.0804169122176791
NCOA3,ecig3,m,11,-0.2182886502317831
NCOA3,ecig6,m,12,-0.29700311741198354
NCOA3,ecig6,m,13,-0.2797450677605685
NCOA3,ecig6,m,14,0.14738880132702034
NCOA3,control,f,15,0
NCOA3,control,f,16,-0.09345548462587225
NCOA3,control,f,17,-0.04646741157268479
NCOA3,ecig0,f,18,-0.3458585999402721
NCOA3,ecig0,f,19,-0.3527495979830153
NCOA3,ecig0,f,20,-0.48629029703750315
NCOA3,ecig3,f,21,-0.3827500667328903
NCOA3,ecig3,f,22,-0.10395143727869015
NCOA3,ecig3,f,23,-0.13000859370336396
NCOA3,ecig3,f,24,-0.1574297170383902
NCOA3,ecig6,f,25,-0.30068369075696927
NCOA3,ecig6,f,26,-0.26826534908192007
NCOA3,ecig6,f,27,-0.43289967721253814
NCOA4,control,m,2,-0.09879316789098826
NCOA4,control,m,3,0.05575773909286961
NCOA4,control,m,4,0.022629508482047794
NCOA4,ecig0,m,5,-0.025643179974636183
NCOA4,ecig0,m,6,-0.017937715175625875
NCOA4,ecig0,m,7,-0.6356450650602048
NCOA4,ecig3,m,8,0.2898647329188056
NCOA4,ecig3,m,9,-0.011466292740839913
NCOA4,ecig3,m,10,0.04651208442404359
NCOA4,ecig3,m,11,0.06156358420724173
NCOA4,ecig6,m,12,0.12903018601145788
NCOA4,ecig6,m,13,-0.19034668479825662
NCOA4,ecig6,m,14,0.2808597818345126
NCOA4,control,f,15,0
NCOA4,control,f,16,-0.16588480673260406
NCOA4,control,f,17,-0.0976437149555438
NCOA4,ecig0,f,18,-0.22830608560349164
NCOA4,ecig0,f,19,0.08143800596297184
NCOA4,ecig0,f,20,0.11533922139666107
NCOA4,ecig3,f,21,0.15827880224416102
NCOA4,ecig3,f,22,-0.09555270039966432
NCOA4,ecig3,f,23,0.07257797071859202
NCOA4,ecig3,f,24,-0.07216447591654558
NCOA4,ecig6,f,25,-0.20574454969446762
NCOA4,ecig6,f,26,-0.11338120189286188
NCOA4,ecig6,f,27,-0.02374994212590696
NCOA6,control,m,2,0.150839869403311
NCOA6,control,m,3,0.02970299090816041
NCOA6,control,m,4,0.1054127572896422
NCOA6,ecig0,m,5,-0.7578495765379772
NCOA6,ecig0,m,6,-0.2788148248679668
NCOA6,ecig0,m,7,1.1674948069974718
NCOA6,ecig3,m,8,0.23547674051220643
NCOA6,ecig3,m,9,0.09971221246775183
NCOA6,ecig3,m,10,0.20946774888683917
NCOA6,ecig3,m,11,0.08333618070363094
NCOA6,ecig6,m,12,-0.1294404898955462
NCOA6,ecig6,m,13,-0.4032805532611691
NCOA6,ecig6,m,14,-1.1446686657222576
NCOA6,control,f,15,0
NCOA6,control,f,16,0.15682777745906223
NCOA6,control,f,17,0.016086621526290205
NCOA6,ecig0,f,18,-0.34732973352908203
NCOA6,ecig0,f,19,-0.3148803255584819
NCOA6,ecig0,f,20,-0.1346041778231692
NCOA6,ecig3,f,21,-0.024579159351963874
NCOA6,ecig3,f,22,0.11556655924938554
NCOA6,ecig3,f,23,0.16854121582634285
NCOA6,ecig3,f,24,0.180143212889229
NCOA6,ecig6,f,25,0.09852482975285429
NCOA6,ecig6,f,26,-0.5444943864931326
NCOA6,ecig6,f,27,-0.24476917524235786
NCOR1,control,m,2,0.08962421566505749
NCOR1,control,m,3,0.1599670988718428
NCOR1,control,m,4,0.13460724832912555
NCOR1,ecig0,m,5,0.13986973430132496
NCOR1,ecig0,m,6,0.16570894500913752
NCOR1,ecig0,m,7,1.0084832375378656
NCOR1,ecig3,m,8,-0.11368915557842828
NCOR1,ecig3,m,9,-0.059804786354575055
NCOR1,ecig3,m,10,-0.02982219878644284
NCOR1,ecig3,m,11,-0.02350056887749902
NCOR1,ecig6,m,12,0.17047509272448677
NCOR1,ecig6,m,13,-0.15933096228500565
NCOR1,ecig6,m,14,0.3394161365910694
NCOR1,control,f,15,0
NCOR1,control,f,16,-0.043869221680109614
NCOR1,control,f,17,0.010324305349290715
NCOR1,ecig0,f,18,0.06932437831945566
NCOR1,ecig0,f,19,0.06524590352620141
NCOR1,ecig0,f,20,0.09201421321263256
NCOR1,ecig3,f,21,-0.10144024505486147
NCOR1,ecig3,f,22,-0.023446985538271334
NCOR1,ecig3,f,23,-0.11489688792103205
NCOR1,ecig3,f,24,-0.15228451235250196
NCOR1,ecig6,f,25,-0.11266246267521707
NCOR1,ecig6,f,26,0.005605118313265217
NCOR1,ecig6,f,27,-0.09263584015367816
NCOR2,control,m,2,0.06433197645936502
NCOR2,control,m,3,-0.0443338313754183
NCOR2,control,m,4,0.15666582332139536
NCOR2,ecig0,m,5,0.09098848360540701
NCOR2,ecig0,m,6,-0.14081093468576744
NCOR2,ecig0,m,7,-0.13803375235776955
NCOR2,ecig3,m,8,0.14387000150170512
NCOR2,ecig3,m,9,-0.006946026325949832
NCOR2,ecig3,m,10,0.04410866093866215
NCOR2,ecig3,m,11,-0.07841054729657923
NCOR2,ecig6,m,12,0.1334441888378785
NCOR2,ecig6,m,13,0.34596263590677434
NCOR2,ecig6,m,14,0.052996932796634755
NCOR2,control,f,15,0
NCOR2,control,f,16,-0.05203676752246522
NCOR2,control,f,17,-0.07740486628706393
NCOR2,ecig0,f,18,-0.013705113024591513
NCOR2,ecig0,f,19,-0.01635219018846375
NCOR2,ecig0,f,20,0.01810201734726072
NCOR2,ecig3,f,21,-0.2613807930810867
NCOR2,ecig3,f,22,0.0012781131555900597
NCOR2,ecig3,f,23,-0.3833042629549074
NCOR2,ecig3,f,24,-0.2795223657697747
NCOR2,ecig6,f,25,0.0011527642653958584
NCOR2,ecig6,f,26,0.08431211994957358
NCOR2,ecig6,f,27,-0.1263337399282953
NFKB2,control,m,2,0.07965169396870073
NFKB2,control,m,3,0.11060540430284538
NFKB2,control,m,4,0.1610939745576117
NFKB2,ecig0,m,5,-0.5511852597947597
NFKB2,ecig0,m,6,0.398062258492333
NFKB2,ecig0,m,7,-0.7007358779326415
NFKB2,ecig3,m,8,0.17726175377073172
NFKB2,ecig3,m,9,0.05052812559619577
NFKB2,ecig3,m,10,0.153661002110676
NFKB2,ecig3,m,11,0.07960762317733595
NFKB2,ecig6,m,12,0.2985735908993631
NFKB2,ecig6,m,13,-0.02745122633459468
NFKB2,ecig6,m,14,0.40503284886592944
NFKB2,control,f,15,0
NFKB2,control,f,16,-0.005460503503346936
NFKB2,control,f,17,0.10413789525800483
NFKB2,ecig0,f,18,-0.051262518373618345
NFKB2,ecig0,f,19,-0.2127844973790649
NFKB2,ecig0,f,20,-0.15897195391217694
NFKB2,ecig3,f,21,-0.06846632241981619
NFKB2,ecig3,f,22,-0.019639257123117752
NFKB2,ecig3,f,23,-0.13145865519247713
NFKB2,ecig3,f,24,-0.1159194868163014
NFKB2,ecig6,f,25,0.04632622850471864
NFKB2,ecig6,f,26,-0.07044800288127083
NFKB2,ecig6,f,27,-0.08750719211755134
NONO,control,m,2,0.15591704131017978
NONO,control,m,3,0.44471438207035974
NONO,control,m,4,0.45639536940410824
NONO,ecig0,m,5,0.17841752833608518
NONO,ecig0,m,6,0.25575965997205213
NONO,ecig0,m,7,-0.2580529064790206
NONO,ecig3,m,8,0.4586513483976121
NONO,ecig3,m,9,0.12962556313688073
NONO,ecig3,m,10,0.22312547979011357
NONO,ecig3,m,11,0.2475089094388959
NONO,ecig6,m,12,-0.07100725640721527
NONO,ecig6,m,13,0.4277064281393409
NONO,ecig6,m,14,0.6214111025392299
NONO,control,f,15,0
NONO,control,f,16,0.3415153993688323
NONO,control,f,17,0.295442758532461
NONO,ecig0,f,18,0.3715485599762357
NONO,ecig0,f,19,0.14566576583783825
NONO,ecig0,f,20,0.5469418807698809
NONO,ecig3,f,21,0.21639565320704893
NONO,ecig3,f,22,0.13796078268682027
NONO,ecig3,f,23,0.13827897139223802
NONO,ecig3,f,24,0.02295979859328936
NONO,ecig6,f,25,-0.12528374730342012
NONO,ecig6,f,26,0.37165458274071017
NONO,ecig6,f,27,0.2112575528290591
NOTCH2,control,m,2,0.009296167502098386
NOTCH2,control,m,3,-0.1258687087909942
NOTCH2,control,m,4,-0.04149650325428542
NOTCH2,ecig0,m,5,0.003542882224969548
NOTCH2,ecig0,m,6,-0.03482790617234003
NOTCH2,ecig0,m,7,-1.7503633534238663
NOTCH2,ecig3,m,8,0.11538142580205228
NOTCH2,ecig3,m,9,3.87967458412048e-4
NOTCH2,ecig3,m,10,0.0953930340899645
NOTCH2,ecig3,m,11,-0.0054520144574694545
NOTCH2,ecig6,m,12,-0.11194853993749934
NOTCH2,ecig6,m,13,-1.0055479542561443
NOTCH2,ecig6,m,14,-0.7965229602869288
NOTCH2,control,f,15,0
NOTCH2,control,f,16,-0.17032469813865272
NOTCH2,control,f,17,-0.2522175002190721
NOTCH2,ecig0,f,18,-0.6235635874202259
NOTCH2,ecig0,f,19,-0.12543733280720815
NOTCH2,ecig0,f,20,-0.2871147034964152
NOTCH2,ecig3,f,21,-0.10037550196019761
NOTCH2,ecig3,f,22,-0.054192985175407146
NOTCH2,ecig3,f,23,-0.08097321564966584
NOTCH2,ecig3,f,24,-0.09722401893558902
NOTCH2,ecig6,f,25,-0.16595591001758087
NOTCH2,ecig6,f,26,-0.43405400683390943
NOTCH2,ecig6,f,27,-0.4208542629660388
NR0B1,control,m,2,0.08103582988876412
NR0B1,control,m,3,0.5474297299808536
NR0B1,control,m,4,0.3033333567788046
NR0B1,ecig0,m,5,1.6771134235489549
NR0B1,ecig0,m,6,2.1561481752189655
NR0B1,ecig0,m,7,1.3769529831304481
NR0B1,ecig3,m,8,0.2004886261761723
NR0B1,ecig3,m,9,0.8474020868580692
NR0B1,ecig3,m,10,-0.16809250051480495
NR0B1,ecig3,m,11,0.027878026662445623
NR0B1,ecig6,m,12,0.8681750229448572
NR0B1,ecig6,m,13,0.9675799439930344
NR0B1,ecig6,m,14,1.2902943343646742
NR0B1,control,f,15,0
NR0B1,control,f,16,0.1974984350232442
NR0B1,control,f,17,0.03055111281794454
NR0B1,ecig0,f,18,1.6469352868956397
NR0B1,ecig0,f,19,1.0909740056016728
NR0B1,ecig0,f,20,1.493981645068775
NR0B1,ecig3,f,21,0.9554134554822779
NR0B1,ecig3,f,22,0.5214850383625587
NR0B1,ecig3,f,23,0.8928521976634093
NR0B1,ecig3,f,24,0.9150844669631759
NR0B1,ecig6,f,25,0.2442721145135181
NR0B1,ecig6,f,26,0.4910301347312308
NR0B1,ecig6,f,27,0.32081952696093335
NR0B2,control,m,2,-0.5712317502960116
NR0B2,control,m,3,-0.10483785020392208
NR0B2,control,m,4,-0.5230096348785988
NR0B2,ecig0,m,5,1.024845843364179
NR0B2,ecig0,m,6,1.5038805950341896
NR0B2,ecig0,m,7,0.7246854029456724
NR0B2,ecig3,m,8,0.0837534082776202
NR0B2,ecig3,m,9,0.9383775659676623
NR0B2,ecig3,m,10,-0.13521581056835844
NR0B2,ecig3,m,11,0.2669602636387199
NR0B2,ecig6,m,12,0.21590744276008145
NR0B2,ecig6,m,13,0.12316491757593921
NR0B2,ecig6,m,14,0.6380267541798986
NR0B2,control,f,15,0
NR0B2,control,f,16,-0.4547691451615314
NR0B2,control,f,17,-0.17923428292032034
NR0B2,ecig0,f,18,0.9391872764499999
NR0B2,ecig0,f,19,0.43870642541689714
NR0B2,ecig0,f,20,0.6252304507122162
NR0B2,ecig3,f,21,0.16797377428451477
NR0B2,ecig3,f,22,0.4798077364928758
NR0B2,ecig3,f,23,0.6683681092968635
NR0B2,ecig3,f,24,0.43941854197464025
NR0B2,ecig6,f,25,-0.40799546567125755
NR0B2,ecig6,f,26,-0.16123744545354488
NR0B2,ecig6,f,27,0.8442276051417927
NR1D1,control,m,2,0.011487665870531596
NR1D1,control,m,3,0.03412933596440307
NR1D1,control,m,4,0.08235867610171069
NR1D1,ecig0,m,5,-0.2586572542983153
NR1D1,ecig0,m,6,-0.06837468888913577
NR1D1,ecig0,m,7,-0.5235137999153378
NR1D1,ecig3,m,8,-0.05673999996872026
NR1D1,ecig3,m,9,-0.3336875959795834
NR1D1,ecig3,m,10,-0.015619302561021061
NR1D1,ecig3,m,11,-0.12459216099138169
NR1D1,ecig6,m,12,-0.5730608687556636
NR1D1,ecig6,m,13,-0.7977773522788614
NR1D1,ecig6,m,14,-0.28293568468461067
NR1D1,control,f,15,0
NR1D1,control,f,16,-0.18050252229205163
NR1D1,control,f,17,0.02584751913569477
NR1D1,ecig0,f,18,0.24257286039399437
NR1D1,ecig0,f,19,0.2585011401425641
NR1D1,ecig0,f,20,0.30442639669306
NR1D1,ecig3,f,21,-0.09528478370352395
NR1D1,ecig3,f,22,-0.08316742328806163
NR1D1,ecig3,f,23,-0.26572104355856974
NR1D1,ecig3,f,24,-0.3027682030649435
NR1D1,ecig6,f,25,-0.7357400672704426
NR1D1,ecig6,f,26,-0.5609029294967856
NR1D1,ecig6,f,27,-0.22677480622154894
NR1D2,control,m,2,-0.0345094164369285
NR1D2,control,m,3,0.14232493494596035
NR1D2,control,m,4,0.07402345655177212
NR1D2,ecig0,m,5,-0.16713058926665955
NR1D2,ecig0,m,6,-0.09057685518933624
NR1D2,ecig0,m,7,-1.471358518422636
NR1D2,ecig3,m,8,-0.10266031962728628
NR1D2,ecig3,m,9,-0.09092014979639054
NR1D2,ecig3,m,10,-0.0741828820374737
NR1D2,ecig3,m,11,-0.07839730197676925
NR1D2,ecig6,m,12,0.06961228340730961
NR1D2,ecig6,m,13,-0.3434854600724544
NR1D2,ecig6,m,14,0.10139021386958143
NR1D2,control,f,15,0
NR1D2,control,f,16,-0.0268646392850422
NR1D2,control,f,17,-0.06490339159713418
NR1D2,ecig0,f,18,0.12535057596245777
NR1D2,ecig0,f,19,0.10153115611355139
NR1D2,ecig0,f,20,0.18978725065431584
NR1D2,ecig3,f,21,-0.05534322078883981
NR1D2,ecig3,f,22,0.06052352557222299
NR1D2,ecig3,f,23,0.056395501241683126
NR1D2,ecig3,f,24,-0.07895089613879433
NR1D2,ecig6,f,25,-0.08528950413949524
NR1D2,ecig6,f,26,-0.028322166318048438
NR1D2,ecig6,f,27,-0.15242732098244546
NR1H2,control,m,2,0.05997065388218527
NR1H2,control,m,3,0.10748282015782354
NR1H2,control,m,4,0.18261099658768257
NR1H2,ecig0,m,5,0.10745151303827548
NR1H2,ecig0,m,6,0.12815123863011688
NR1H2,ecig0,m,7,-0.6346676206642844
NR1H2,ecig3,m,8,-0.06894797041287737
NR1H2,ecig3,m,9,-0.010247121258400984
NR1H2,ecig3,m,10,-0.1964040705770062
NR1H2,ecig3,m,11,-0.13529498145721822
NR1H2,ecig6,m,12,0.14051899579597246
NR1H2,ecig6,m,13,0.11845650741375928
NR1H2,ecig6,m,14,0.3643098120825026
NR1H2,control,f,15,0
NR1H2,control,f,16,-0.059764508541155045
NR1H2,control,f,17,0.07874571409375185
NR1H2,ecig0,f,18,0.10266465445922418
NR1H2,ecig0,f,19,0.1639467154145208
NR1H2,ecig0,f,20,-0.025809830180236797
NR1H2,ecig3,f,21,-0.12148733761610418
NR1H2,ecig3,f,22,0.054333746801379694
NR1H2,ecig3,f,23,-0.16080667152974965
NR1H2,ecig3,f,24,-0.22651549898328233
NR1H2,ecig6,f,25,-0.0369507094957642
NR1H2,ecig6,f,26,0.03596429440597294
NR1H2,ecig6,f,27,-0.07911748613839625
NR1H3,control,m,2,-0.038577234768335814
NR1H3,control,m,3,0.029698475458225033
NR1H3,control,m,4,0.0024653152524912662
NR1H3,ecig0,m,5,0.2349467471018413
NR1H3,ecig0,m,6,0.3515693797820148
NR1H3,ecig0,m,7,-0.36935694119580387
NR1H3,ecig3,m,8,-0.3722377982543082
NR1H3,ecig3,m,9,-0.17536418109006455
NR1H3,ecig3,m,10,-0.3001110112932174
NR1H3,ecig3,m,11,-0.2341854422428062
NR1H3,ecig6,m,12,0.08297620903481656
NR1H3,ecig6,m,13,0.031640961814246076
NR1H3,ecig6,m,14,0.41433437470195134
NR1H3,control,f,15,0
NR1H3,control,f,16,0.005681820756159474
NR1H3,control,f,17,0.0559282424824138
NR1H3,ecig0,f,18,0.18238341791095977
NR1H3,ecig0,f,19,0.1943576686664836
NR1H3,ecig0,f,20,0.20684812565857152
NR1H3,ecig3,f,21,-0.2182937677417093
NR1H3,ecig3,f,22,-0.02564540759660551
NR1H3,ecig3,f,23,-0.19344554777962095
NR1H3,ecig3,f,24,-0.24017864842647885
NR1H3,ecig6,f,25,-0.190456741364672
NR1H3,ecig6,f,26,-0.18306181910918692
NR1H3,ecig6,f,27,-0.217679786962552
NR1H4,control,m,2,0.09901183607983792
NR1H4,control,m,3,0.6717891345795888
NR1H4,control,m,4,-0.6556220778384562
NR1H4,ecig0,m,5,0.8922334004043216
NR1H4,ecig0,m,6,1.3712681520743322
NR1H4,ecig0,m,7,1.0520455892403962
NR1H4,ecig3,m,8,0.6028709059302818
NR1H4,ecig3,m,9,0.6498315852538635
NR1H4,ecig3,m,10,0.7638015416122464
NR1H4,ecig3,m,11,-0.16306981503715068
NR1H4,ecig6,m,12,0.0832949998002241
NR1H4,ecig6,m,13,-0.009447525383918163
NR1H4,ecig6,m,14,0.5054143112200413
NR1H4,control,f,15,0
NR1H4,control,f,16,0.759187895692701
NR1H4,control,f,17,-0.19306600916108757
NR1H4,ecig0,f,18,0.46491542137138514
NR1H4,ecig0,f,19,1.046560943131396
NR1H4,ecig0,f,20,0.49261800775235887
NR1H4,ecig3,f,21,-0.23764066453303853
NR1H4,ecig3,f,22,0.6023946764771416
NR1H4,ecig3,f,23,0.3426431179385882
NR1H4,ecig3,f,24,0.18833484113123689
NR1H4,ecig6,f,25,-0.540607908631115
NR1H4,ecig6,f,26,-0.04160601796670873
NR1H4,ecig6,f,27,1.2378441924521633
NR1I2,control,m,2,-0.5623429365840459
NR1I2,control,m,3,-0.0759368634102102
NR1I2,control,m,4,-0.0738174918287361
NR1I2,ecig0,m,5,0.8268328276663481
NR1I2,ecig0,m,6,0.574547114050256
NR1I2,ecig0,m,7,0.6192108140949234
NR1I2,ecig3,m,8,0.2980328808211511
NR1I2,ecig3,m,9,0.15052818294580075
NR1I2,ecig3,m,10,0.21302201004564306
NR1I2,ecig3,m,11,0.15582631086948626
NR1I2,ecig6,m,12,0.2810072865323867
NR1I2,ecig6,m,13,-0.2975464765541584
NR1I2,ecig6,m,14,-0.05488228365947948
NR1I2,control,f,15,0
NR1I2,control,f,16,-0.11524403571203096
NR1I2,control,f,17,-0.11911949587620904
NR1I2,ecig0,f,18,0.3185477137896564
NR1I2,ecig0,f,19,0.4784809166839882
NR1I2,ecig0,f,20,0.2495648841032813
NR1I2,ecig3,f,21,0.18316103859575794
NR1I2,ecig3,f,22,0.027546592637220025
NR1I2,ecig3,f,23,0.13855260765829552
NR1I2,ecig3,f,24,-0.2160869168434954
NR1I2,ecig6,f,25,-0.3459844906844605
NR1I2,ecig6,f,26,0.017326323254432712
NR1I2,ecig6,f,27,0.24331423706731564
NR1I3,control,m,2,0.3687076194951565
NR1I3,control,m,3,0.2779163707429088
NR1I3,control,m,4,0.26241705873816057
NR1I3,ecig0,m,5,0.5089255852954646
NR1I3,ecig0,m,6,0.9919089474185999
NR1I3,ecig0,m,7,0.41734130312263923
NR1I3,ecig3,m,8,0.18418213234105063
NR1I3,ecig3,m,9,0.1986315721329223
NR1I3,ecig3,m,10,0.1334886810712367
NR1I3,ecig3,m,11,-0.025756186635009264
NR1I3,ecig6,m,12,0.4120528683648151
NR1I3,ecig6,m,13,0.3659958810882162
NR1I3,ecig6,m,14,0.8459030176856615
NR1I3,control,f,15,0
NR1I3,control,f,16,0.2745208728038179
NR1I3,control,f,17,0.08446287577140243
NR1I3,ecig0,f,18,0.7015367381331049
NR1I3,ecig0,f,19,0.6980263069416696
NR1I3,ecig0,f,20,0.7565078256413046
NR1I3,ecig3,f,21,0.1085606881602978
NR1I3,ecig3,f,22,-0.050115232854143446
NR1I3,ecig3,f,23,1.8055779139922827e-4
NR1I3,ecig3,f,24,0.010761160078997757
NR1I3,ecig6,f,25,-0.020415432863937995
NR1I3,ecig6,f,26,0.08010040928023966
NR1I3,ecig6,f,27,0.6133499406973425
NR2C1,control,m,2,0.013146943206631269
NR2C1,control,m,3,0.13171001523885612
NR2C1,control,m,4,0.02082724189800613
NR2C1,ecig0,m,5,-0.5804194867936708
NR2C1,ecig0,m,6,-0.8533937878917652
NR2C1,ecig0,m,7,-1.6325889799802822
NR2C1,ecig3,m,8,0.13050457072421937
NR2C1,ecig3,m,9,0.11605513093234777
NR2C1,ecig3,m,10,0.06265240970155792
NR2C1,ecig3,m,11,0.1538644983877444
NR2C1,ecig6,m,12,0.00964740930103917
NR2C1,ecig6,m,13,-0.38516065473216876
NR2C1,ecig6,m,14,-0.11063303885644833
NR2C1,control,f,15,0
NR2C1,control,f,16,0.0930012905684145
NR2C1,control,f,17,-0.034450595175774965
NR2C1,ecig0,f,18,0.36794252165817676
NR2C1,ecig0,f,19,-0.031962401643615426
NR2C1,ecig0,f,20,-0.12858056760993314
NR2C1,ecig3,f,21,0.00768643970328438
NR2C1,ecig3,f,22,0.1334898851912185
NR2C1,ecig3,f,23,0.13517354595696746
NR2C1,ecig3,f,24,0.07212221130515666
NR2C1,ecig6,f,25,-0.21557348008289268
NR2C1,ecig6,f,26,-0.03191225004633779
NR2C1,ecig6,f,27,-0.1499287720184349
NR2C2,control,m,2,0.03522207484866255
NR2C2,control,m,3,0.3620563617409608
NR2C2,control,m,4,0.2569139293874279
NR2C2,ecig0,m,5,-0.17897341032607628
NR2C2,ecig0,m,6,-0.0393466674372525
NR2C2,ecig0,m,7,-1.2095154034742088
NR2C2,ecig3,m,8,0.4049054529717655
NR2C2,ecig3,m,9,0.15956600650562044
NR2C2,ecig3,m,10,0.16335898445098734
NR2C2,ecig3,m,11,0.19677331396968842
NR2C2,ecig6,m,12,0.06060426181706033
NR2C2,ecig6,m,13,-0.21172282479035628
NR2C2,ecig6,m,14,0.35693879160867453
NR2C2,control,f,15,0
NR2C2,control,f,16,0.14156555667889867
NR2C2,control,f,17,0.130206189792519
NR2C2,ecig0,f,18,0.3423140319473285
NR2C2,ecig0,f,19,0.044091923670902346
NR2C2,ecig0,f,20,0.25336328058857033
NR2C2,ecig3,f,21,0.2004889272061683
NR2C2,ecig3,f,22,0.13546765226273189
NR2C2,ecig3,f,23,0.26107904061343284
NR2C2,ecig3,f,24,0.05040229505800935
NR2C2,ecig6,f,25,-0.43142583435376664
NR2C2,ecig6,f,26,0.061730053794845044
NR2C2,ecig6,f,27,0.02008333657272177
NR2E3,control,m,2,0.08103582988876412
NR2E3,control,m,3,0.5474297299808536
NR2E3,control,m,4,0.12925794530617699
NR2E3,ecig0,m,5,1.6771134235489549
NR2E3,ecig0,m,6,2.1561481752189655
NR2E3,ecig0,m,7,1.3769529831304481
NR2E3,ecig3,m,8,0.8197073272569823
NR2E3,ecig3,m,9,1.3242335999898154
NR2E3,ecig3,m,10,0.37556767165434424
NR2E3,ecig3,m,11,0.586288668619132
NR2E3,ecig6,m,12,0.8681750229448572
NR2E3,ecig6,m,13,0.775432497760715
NR2E3,ecig6,m,14,1.2902943343646742
NR2E3,control,f,15,0
NR2E3,control,f,16,0.1974984350232442
NR2E3,control,f,17,0.03055111281794454
NR2E3,ecig0,f,18,1.249795444516018
NR2E3,ecig0,f,19,1.0909740056016728
NR2E3,ecig0,f,20,1.2774980308969919
NR2E3,ecig3,f,21,1.040616684425016
NR2E3,ecig3,f,22,0.634614820003045
NR2E3,ecig3,f,23,0.6941943757148642
NR2E3,ecig3,f,24,0.9294300514065449
NR2E3,ecig6,f,25,0.2442721145135181
NR2E3,ecig6,f,26,0.4910301347312308
NR2E3,ecig6,f,27,0.2985101939822765
NR2F1,control,m,2,0.14444599229540733
NR2F1,control,m,3,0.23254783906639417
NR2F1,control,m,4,-0.06365833153506828
NR2F1,ecig0,m,5,0.27141081150661445
NR2F1,ecig0,m,6,-0.7010403998762547
NR2F1,ecig0,m,7,-0.49306792718387843
NR2F1,ecig3,m,8,-0.06392859626517673
NR2F1,ecig3,m,9,0.16063978050015396
NR2F1,ecig3,m,10,-0.01678729894419696
NR2F1,ecig3,m,11,-0.05321192841953931
NR2F1,ecig6,m,12,0.038523410605110935
NR2F1,ecig6,m,13,-0.6198821711912531
NR2F1,ecig6,m,14,0.09734527381784351
NR2F1,control,f,15,0
NR2F1,control,f,16,0.13941770765983563
NR2F1,control,f,17,0.08985311887376167
NR2F1,ecig0,f,18,0.35521738168146877
NR2F1,ecig0,f,19,0.17951688988024864
NR2F1,ecig0,f,20,0.05826182700879985
NR2F1,ecig3,f,21,-0.14271687600031555
NR2F1,ecig3,f,22,0.12560711372476174
NR2F1,ecig3,f,23,-0.02300055805470154
NR2F1,ecig3,f,24,-0.039203497571314194
NR2F1,ecig6,f,25,-0.3809482215908443
NR2F1,ecig6,f,26,-0.5124097064652795
NR2F1,ecig6,f,27,-0.26089023460015226
NR2F2,control,m,2,-0.029250723442674913
NR2F2,control,m,3,-0.07422761509483021
NR2F2,control,m,4,0.01448785121931811
NR2F2,ecig0,m,5,-0.18339794920234626
NR2F2,ecig0,m,6,-0.4256689969226891
NR2F2,ecig0,m,7,-2.0362298661462614
NR2F2,ecig3,m,8,-0.17807495620101926
NR2F2,ecig3,m,9,-0.22714284549424824
NR2F2,ecig3,m,10,-0.174884038246981
NR2F2,ecig3,m,11,-0.14538309867191007
NR2F2,ecig6,m,12,0.11181518364941995
NR2F2,ecig6,m,13,-0.1395605162897791
NR2F2,ecig6,m,14,0.08510840449410288
NR2F2,control,f,15,0
NR2F2,control,f,16,-0.22746199749565055
NR2F2,control,f,17,-0.11934496734296107
NR2F2,ecig0,f,18,-0.313631231694474
NR2F2,ecig0,f,19,0.06314290797649244
NR2F2,ecig0,f,20,0.011356838234416468
NR2F2,ecig3,f,21,-0.14884765289200802
NR2F2,ecig3,f,22,-0.21619137425199225
NR2F2,ecig3,f,23,-0.1420669522396763
NR2F2,ecig3,f,24,-0.2976717652383527
NR2F2,ecig6,f,25,-0.2371163906925894
NR2F2,ecig6,f,26,-0.3666377372449704
NR2F2,ecig6,f,27,-0.31320804372656935
NR2F6,control,m,2,0.09692027966996629
NR2F6,control,m,3,0.14662785770398112
NR2F6,control,m,4,0.07069406479972834
NR2F6,ecig0,m,5,0.13373414092970237
NR2F6,ecig0,m,6,0.31048360185381224
NR2F6,ecig0,m,7,-0.36763354447062707
NR2F6,ecig3,m,8,0.0885701892382404
NR2F6,ecig3,m,9,0.04883422981059549
NR2F6,ecig3,m,10,-0.004267461424531126
NR2F6,ecig3,m,11,0.020718028215578835
NR2F6,ecig6,m,12,0.22375409062705992
NR2F6,ecig6,m,13,0.171693060086944
NR2F6,ecig6,m,14,0.22338954330231042
NR2F6,control,f,15,0
NR2F6,control,f,16,-0.0032951947445356193
NR2F6,control,f,17,0.08082884166374692
NR2F6,ecig0,f,18,0.24929034474723688
NR2F6,ecig0,f,19,0.19547238274042775
NR2F6,ecig0,f,20,0.2483842444602884
NR2F6,ecig3,f,21,-0.009440962930012996
NR2F6,ecig3,f,22,0.14941979050176563
NR2F6,ecig3,f,23,-0.12083681179547294
NR2F6,ecig3,f,24,0.10112946168733809
NR2F6,ecig6,f,25,-7.572710570919105e-4
NR2F6,ecig6,f,26,0.042898219326097914
NR2F6,ecig6,f,27,-0.10214959213664196
NR3C1,control,m,2,-0.035690658139914386
NR3C1,control,m,3,0.13498552262167626
NR3C1,control,m,4,0.11693738964364124
NR3C1,ecig0,m,5,-0.33342076299142615
NR3C1,ecig0,m,6,-0.03938820957665511
NR3C1,ecig0,m,7,-1.3312049730414
NR3C1,ecig3,m,8,0.12294028899317419
NR3C1,ecig3,m,9,-0.043529298609006534
NR3C1,ecig3,m,10,0.04093971817430646
NR3C1,ecig3,m,11,0.12251884699924558
NR3C1,ecig6,m,12,-0.018525385933161637
NR3C1,ecig6,m,13,-0.35299198733552345
NR3C1,ecig6,m,14,0.19733389202761328
NR3C1,control,f,15,0
NR3C1,control,f,16,-0.011167430161145143
NR3C1,control,f,17,-0.04824469266708511
NR3C1,ecig0,f,18,-0.03570980364763882
NR3C1,ecig0,f,19,-0.12826009107654945
NR3C1,ecig0,f,20,-0.06173565295276345
NR3C1,ecig3,f,21,0.044837153528167105
NR3C1,ecig3,f,22,-0.10381386657067146
NR3C1,ecig3,f,23,0.017291704804931144
NR3C1,ecig3,f,24,-0.09895403832067083
NR3C1,ecig6,f,25,-0.40455138149086556
NR3C1,ecig6,f,26,-0.32342849372735405
NR3C1,ecig6,f,27,-0.20592125430192226
NR3C2,control,m,2,-0.47439943159077846
NR3C2,control,m,3,-0.2774963134869593
NR3C2,control,m,4,-0.15356786343001683
NR3C2,ecig0,m,5,-0.3978282377737048
NR3C2,ecig0,m,6,0.22180106822118942
NR3C2,ecig0,m,7,-0.6979886781922114
NR3C2,ecig3,m,8,0.3871853222770039
NR3C2,ecig3,m,9,0.308616493408705
NR3C2,ecig3,m,10,0.3112053513714157
NR3C2,ecig3,m,11,0.09085139454538162
NR3C2,ecig6,m,12,-0.3711666733237354
NR3C2,ecig6,m,13,-0.2153089951287012
NR3C2,ecig6,m,14,-0.24130022598432527
NR3C2,control,f,15,0
NR3C2,control,f,16,0.16411059614416
NR3C2,control,f,17,0.1922791769584225
NR3C2,ecig0,f,18,-0.19777863374320906
NR3C2,ecig0,f,19,0.03120934500646283
NR3C2,ecig0,f,20,-0.21737990088087275
NR3C2,ecig3,f,21,0.15476939455471014
NR3C2,ecig3,f,22,0.06918686781743572
NR3C2,ecig3,f,23,0.09939884024226434
NR3C2,ecig3,f,24,-0.08867567014871959
NR3C2,ecig6,f,25,-0.20662536346178112
NR3C2,ecig6,f,26,-0.11218611281007722
NR3C2,ecig6,f,27,-0.37264882461038806
NR4A1,control,m,2,-0.45709110993008606
NR4A1,control,m,3,-0.5878200082070745
NR4A1,control,m,4,-0.6157238632431484
NR4A1,ecig0,m,5,-0.9883849698773597
NR4A1,ecig0,m,6,-1.1229878231685484
NR4A1,ecig0,m,7,-2.902550845347824
NR4A1,ecig3,m,8,-0.7700934899636175
NR4A1,ecig3,m,9,-0.9263280577132242
NR4A1,ecig3,m,10,-0.7834592217710982
NR4A1,ecig3,m,11,-0.7982096915586342
NR4A1,ecig6,m,12,-0.7557565751841256
NR4A1,ecig6,m,13,-1.2112673378429746
NR4A1,ecig6,m,14,-0.6475615782625603
NR4A1,control,f,15,0
NR4A1,control,f,16,-0.2631587364414767
NR4A1,control,f,17,-0.1983081455055798
NR4A1,ecig0,f,18,-1.1476447686713909
NR4A1,ecig0,f,19,-0.6646332301406616
NR4A1,ecig0,f,20,-0.8542756853670619
NR4A1,ecig3,f,21,-1.105535428551932
NR4A1,ecig3,f,22,-0.7204915734580813
NR4A1,ecig3,f,23,-1.0931880812197816
NR4A1,ecig3,f,24,-1.2051176562675538
NR4A1,ecig6,f,25,-0.7544081414215491
NR4A1,ecig6,f,26,-0.8651918758938254
NR4A1,ecig6,f,27,-0.8550825059614405
NR5A1,control,m,2,0.24161125017584484
NR5A1,control,m,3,0.5474297299808536
NR5A1,control,m,4,0.7861144267448531
NR5A1,ecig0,m,5,1.6771134235489549
NR5A1,ecig0,m,6,2.1561481752189655
NR5A1,ecig0,m,7,1.3769529831304481
NR5A1,ecig3,m,8,-9.004409230301871e-4
NR5A1,ecig3,m,9,0.5024217118271466
NR5A1,ecig3,m,10,-0.13106581104813603
NR5A1,ecig3,m,11,0.007709016952958847
NR5A1,ecig6,m,12,0.8681750229448572
NR5A1,ecig6,m,13,0.775432497760715
NR5A1,ecig6,m,14,1.2902943343646742
NR5A1,control,f,15,0
NR5A1,control,f,16,0.1974984350232442
NR5A1,control,f,17,0.042875280840427576
NR5A1,ecig0,f,18,1.249795444516018
NR5A1,ecig0,f,19,1.0909740056016728
NR5A1,ecig0,f,20,1.2774980308969919
NR5A1,ecig3,f,21,0.2238976217289907
NR5A1,ecig3,f,22,0.16666007938343746
NR5A1,ecig3,f,23,0.44344692537661556
NR5A1,ecig3,f,24,0.7967411468277873
NR5A1,ecig6,f,25,0.6336219026653452
NR5A1,ecig6,f,26,0.4910301347312308
NR5A1,ecig6,f,27,1.0885254878229425
NR6A1,control,m,2,-0.124612510619089
NR6A1,control,m,3,0.07844275750611523
NR6A1,control,m,4,-0.07806923948749385
NR6A1,ecig0,m,5,0.41143672016968946
NR6A1,ecig0,m,6,-0.5502824708377627
NR6A1,ecig0,m,7,0.8509909664663747
NR6A1,ecig3,m,8,0.011270803861655633
NR6A1,ecig3,m,9,-0.09860514455569698
NR6A1,ecig3,m,10,0.04546781136908443
NR6A1,ecig3,m,11,-0.04213191736913419
NR6A1,ecig6,m,12,0.06682564873744765
NR6A1,ecig6,m,13,-0.38293243070426314
NR6A1,ecig6,m,14,0.2878307334441027
NR6A1,control,f,15,0
NR6A1,control,f,16,-0.10211491348114267
NR6A1,control,f,17,-0.20972260088116695
NR6A1,ecig0,f,18,0.2898083801036165
NR6A1,ecig0,f,19,0.26635742096940296
NR6A1,ecig0,f,20,0.2739997898813226
NR6A1,ecig3,f,21,-0.04818954397188106
NR6A1,ecig3,f,22,3.16322319443147e-4
NR6A1,ecig3,f,23,-0.0077624196741902015
NR6A1,ecig3,f,24,-0.18736564495719463
NR6A1,ecig6,f,25,-0.25598946627074215
NR6A1,ecig6,f,26,-0.09014620167753856
NR6A1,ecig6,f,27,-0.3488999661924643
NRIP1,control,m,2,-0.05755717599494996
NRIP1,control,m,3,-0.03669278699547898
NRIP1,control,m,4,-0.01596042975210592
NRIP1,ecig0,m,5,-0.2538398712777042
NRIP1,ecig0,m,6,-0.8640511528282567
NRIP1,ecig0,m,7,-1.6432463449167738
NRIP1,ecig3,m,8,0.24748392394925572
NRIP1,ecig3,m,9,0.2098551744912581
NRIP1,ecig3,m,10,0.3554332803943592
NRIP1,ecig3,m,11,0.35392813041603954
NRIP1,ecig6,m,12,-0.19453461409793435
NRIP1,ecig6,m,13,-0.5691191819924398
NRIP1,ecig6,m,14,-0.734271462333596
NRIP1,control,f,15,0
NRIP1,control,f,16,-0.10702320756044356
NRIP1,control,f,17,0.02931658880572696
NRIP1,ecig0,f,18,0.12315215390412365
NRIP1,ecig0,f,19,0.1734911724570429
NRIP1,ecig0,f,20,0.2771988356452436
NRIP1,ecig3,f,21,0.18744680264402647
NRIP1,ecig3,f,22,0.054644710786900544
NRIP1,ecig3,f,23,0.31818292564091183
NRIP1,ecig3,f,24,0.19233342256364191
NRIP1,ecig6,f,25,-0.5838520716282289
NRIP1,ecig6,f,26,-0.6221080471851905
NRIP1,ecig6,f,27,-0.36104562342751917
PGR,control,m,2,0.05184495120922822
PGR,control,m,3,0.14534426580247015
PGR,control,m,4,0.19626932955094883
PGR,ecig0,m,5,-0.060581022301392985
PGR,ecig0,m,6,0.26652298746701725
PGR,ecig0,m,7,-0.1966448945735379
PGR,ecig3,m,8,0.1293353702210607
PGR,ecig3,m,9,-0.10426390641418866
PGR,ecig3,m,10,-0.02340724957884354
PGR,ecig3,m,11,-0.08963384862491905
PGR,ecig6,m,12,0.10557272462933691
PGR,ecig6,m,13,-0.22205929175147057
PGR,ecig6,m,14,0.34037431506726784
PGR,control,f,15,0
PGR,control,f,16,0.08139447702559917
PGR,control,f,17,-0.11132793649843811
PGR,ecig0,f,18,0.3490444605903839
PGR,ecig0,f,19,0.24773901676758184
PGR,ecig0,f,20,0.03308006581151736
PGR,ecig3,f,21,-0.06362726523951742
PGR,ecig3,f,22,-0.18090915361019477
PGR,ecig3,f,23,-0.366350554629107
PGR,ecig3,f,24,-0.35269884432574455
PGR,ecig6,f,25,-0.47384427207277474
PGR,ecig6,f,26,-0.180423893257184
PGR,ecig6,f,27,0.04808966221931924
PPARA,control,m,2,-0.1155837179591389
PPARA,control,m,3,-0.11098668889535365
PPARA,control,m,4,-0.06217876910637969
PPARA,ecig0,m,5,0.09622821170993456
PPARA,ecig0,m,6,0.3866607474065609
PPARA,ecig0,m,7,-1.2566139545358044
PPARA,ecig3,m,8,-0.17836364396686044
PPARA,ecig3,m,9,-0.24579436299559126
PPARA,ecig3,m,10,-0.08546578730495524
PPARA,ecig3,m,11,-0.15259547633802276
PPARA,ecig6,m,12,0.1072470534652204
PPARA,ecig6,m,13,-0.23030390127271527
PPARA,ecig6,m,14,-0.17841295268014998
PPARA,control,f,15,0
PPARA,control,f,16,-0.15643366898873737
PPARA,control,f,17,-0.13500936419733128
PPARA,ecig0,f,18,0.1518944978901212
PPARA,ecig0,f,19,-0.3756031931938338
PPARA,ecig0,f,20,0.037962772341187306
PPARA,ecig3,f,21,-0.23316495055750552
PPARA,ecig3,f,22,-0.17482021988789986
PPARA,ecig3,f,23,-0.27395300981999626
PPARA,ecig3,f,24,-0.32524490872118933
PPARA,ecig6,f,25,-0.24314301120578205
PPARA,ecig6,f,26,-0.2654865411919459
PPARA,ecig6,f,27,0.13869938988418226
PPARD,control,m,2,-0.02114910316937004
PPARD,control,m,3,-0.14016341916509384
PPARD,control,m,4,-0.09160083882258582
PPARD,ecig0,m,5,-0.11250899758342665
PPARD,ecig0,m,6,-0.2319549905929345
PPARD,ecig0,m,7,-1.6820725916975228
PPARD,ecig3,m,8,-0.10832690826566567
PPARD,ecig3,m,9,-0.21278431676106652
PPARD,ecig3,m,10,-0.21651708870729977
PPARD,ecig3,m,11,-0.2562530481349457
PPARD,ecig6,m,12,0.11452084125044851
PPARD,ecig6,m,13,-0.1444844639288536
PPARD,ecig6,m,14,0.001576494087292588
PPARD,control,f,15,0
PPARD,control,f,16,-0.24680558295702626
PPARD,control,f,17,-0.15070416508126477
PPARD,ecig0,f,18,-0.006231140292247473
PPARD,ecig0,f,19,0.08519335515887952
PPARD,ecig0,f,20,-0.43253597277177674
PPARD,ecig3,f,21,-0.33285585010156443
PPARD,ecig3,f,22,-0.3410029259042142
PPARD,ecig3,f,23,-0.44871175938278196
PPARD,ecig3,f,24,-0.41442414184665705
PPARD,ecig6,f,25,-0.052993501054684776
PPARD,ecig6,f,26,-0.1549549494440369
PPARD,ecig6,f,27,-0.34703388124934365
PPARG,control,m,2,-0.002657432595723176
PPARG,control,m,3,0.10006995651459794
PPARG,control,m,4,0.041463149130767506
PPARG,ecig0,m,5,0.10708154717360377
PPARG,ecig0,m,6,0.25432495101271757
PPARG,ecig0,m,7,-0.19648384352585793
PPARG,ecig3,m,8,-0.10353451073469581
PPARG,ecig3,m,9,-0.17277140973741054
PPARG,ecig3,m,10,-0.025086093864661162
PPARG,ecig3,m,11,-0.05970454336601963
PPARG,ecig6,m,12,0.049989643139952085
PPARG,ecig6,m,13,-0.17638882698930583
PPARG,ecig6,m,14,0.17425994285996887
PPARG,control,f,15,0
PPARG,control,f,16,-0.03475794680134834
PPARG,control,f,17,0.05094228266423079
PPARG,ecig0,f,18,0.21752385342479819
PPARG,ecig0,f,19,0.1638470744859552
PPARG,ecig0,f,20,-0.03137135935012843
PPARG,ecig3,f,21,0.015275405893972653
PPARG,ecig3,f,22,-0.17495026484602672
PPARG,ecig3,f,23,-0.17716765179408792
PPARG,ecig3,f,24,-0.18223308353112447
PPARG,ecig6,f,25,-0.24894536437220638
PPARG,ecig6,f,26,-0.17782118791467355
PPARG,ecig6,f,27,-0.07734080710398776
PPARGC1A,control,m,2,-0.3191892689164158
PPARGC1A,control,m,3,-0.038174456634137266
PPARGC1A,control,m,4,-0.10848350406940806
PPARGC1A,ecig0,m,5,0.05828097251652536
PPARGC1A,ecig0,m,6,-0.056755232086500254
PPARGC1A,ecig0,m,7,-1.4044226927067756
PPARGC1A,ecig3,m,8,-0.0013610168163957828
PPARGC1A,ecig3,m,9,0.14072514113700377
PPARGC1A,ecig3,m,10,0.13548721921245094
PPARGC1A,ecig3,m,11,0.08340902996258162
PPARGC1A,ecig6,m,12,-0.1898099483159879
PPARGC1A,ecig6,m,13,-0.537625122816078
PPARGC1A,ecig6,m,14,0.018322190686089236
PPARGC1A,control,f,15,0
PPARGC1A,control,f,16,-0.05561691726089615
PPARGC1A,control,f,17,0.01733378879832691
PPARGC1A,ecig0,f,18,0.02679124817210147
PPARGC1A,ecig0,f,19,-0.09382165751259808
PPARGC1A,ecig0,f,20,0.42335612326000394
PPARGC1A,ecig3,f,21,-0.037790462771668386
PPARGC1A,ecig3,f,22,-0.08520419223872384
PPARGC1A,ecig3,f,23,0.07520867185069906
PPARGC1A,ecig3,f,24,0.011159723793257975
PPARGC1A,ecig6,f,25,-0.3707616675675697
PPARGC1A,ecig6,f,26,-0.2336216130609266
PPARGC1A,ecig6,f,27,0.003210605315754785
PPARGC1B,control,m,2,-0.14286817367613552
PPARGC1B,control,m,3,-0.14864463826293076
PPARGC1B,control,m,4,-0.31026300707298815
PPARGC1B,ecig0,m,5,0.7009718854492429
PPARGC1B,ecig0,m,6,0.7732684533278852
PPARGC1B,ecig0,m,7,-0.10897833717628158
PPARGC1B,ecig3,m,8,-0.240642836679794
PPARGC1B,ecig3,m,9,-0.6458292108435127
PPARGC1B,ecig3,m,10,-0.3536494970520523
PPARGC1B,ecig3,m,11,-0.3166228075853822
PPARGC1B,ecig6,m,12,0.06527293601981347
PPARGC1B,ecig6,m,13,-0.4384483825046144
PPARGC1B,ecig6,m,14,0.35647068996541714
PPARGC1B,control,f,15,0
PPARGC1B,control,f,16,-0.30604949022367944
PPARGC1B,control,f,17,-0.1735532448421481
PPARGC1B,ecig0,f,18,0.2129346511409018
PPARGC1B,ecig0,f,19,0.01320323581582165
PPARGC1B,ecig0,f,20,0.16776570235151228
PPARGC1B,ecig3,f,21,-0.2404318146528338
PPARGC1B,ecig3,f,22,-0.6915848670944514
PPARGC1B,ecig3,f,23,-0.7929612335842308
PPARGC1B,ecig3,f,24,-0.7854655866921969
PPARGC1B,ecig6,f,25,-0.3415629621081469
PPARGC1B,ecig6,f,26,-0.21430090587922132
PPARGC1B,ecig6,f,27,0.01296277305528573
PSMC3,control,m,2,0.008017994140508529
PSMC3,control,m,3,0.41013386234845545
PSMC3,control,m,4,0.21678542684543578
PSMC3,ecig0,m,5,0.4221235860457564
PSMC3,ecig0,m,6,0.7946473025899464
PSMC3,ecig0,m,7,0.026061611668610325
PSMC3,ecig3,m,8,0.23328975759370751
PSMC3,ecig3,m,9,0.38260063544304285
PSMC3,ecig3,m,10,0.141355196917928
PSMC3,ecig3,m,11,0.14737579683120752
PSMC3,ecig6,m,12,0.35304316243478756
PSMC3,ecig6,m,13,0.4114884371229446
PSMC3,ecig6,m,14,0.7102799737391678
PSMC3,control,f,15,0
PSMC3,control,f,16,0.158957865708381
PSMC3,control,f,17,0.2975373252422902
PSMC3,ecig0,f,18,0.3059450930211845
PSMC3,ecig0,f,19,0.2672063255571754
PSMC3,ecig0,f,20,0.48800381997882125
PSMC3,ecig3,f,21,0.27252239486860247
PSMC3,ecig3,f,22,0.3644021680851714
PSMC3,ecig3,f,23,0.23390476187484915
PSMC3,ecig3,f,24,0.16270304009043615
PSMC3,ecig6,f,25,0.08807848684332197
PSMC3,ecig6,f,26,0.3603475950735753
PSMC3,ecig6,f,27,0.15373583816759775
PSMC5,control,m,2,-2.8456030744760965
PSMC5,control,m,3,0.2965236368348907
PSMC5,control,m,4,0.33985220864278926
PSMC5,ecig0,m,5,-0.2512979739943172
PSMC5,ecig0,m,6,0.10255405603881675
PSMC5,ecig0,m,7,-1.359524670913485
PSMC5,ecig3,m,8,0.31786503796549015
PSMC5,ecig3,m,9,0.41028124663433296
PSMC5,ecig3,m,10,0.3087137260973061
PSMC5,ecig3,m,11,0.23827270711193393
PSMC5,ecig6,m,12,-0.06438941298253731
PSMC5,ecig6,m,13,0.40208787241835015
PSMC5,ecig6,m,14,0.0981577537761416
PSMC5,control,f,15,0
PSMC5,control,f,16,0.08854694972257515
PSMC5,control,f,17,0.2781639378113441
PSMC5,ecig0,f,18,0.06283387058294505
PSMC5,ecig0,f,19,0.04182968325348814
PSMC5,ecig0,f,20,0.23713926897225987
PSMC5,ecig3,f,21,0.30697196654239306
PSMC5,ecig3,f,22,0.3990239289164824
PSMC5,ecig3,f,23,0.2490706530564007
PSMC5,ecig3,f,24,0.3015973769998106
PSMC5,ecig6,f,25,0.11857673879402725
PSMC5,ecig6,f,26,0.35505488568981086
PSMC5,ecig6,f,27,0.18364377029680665
RARA,control,m,2,0.1099341074125155
RARA,control,m,3,0.12060501869881195
RARA,control,m,4,0.10181876017140944
RARA,ecig0,m,5,-0.5110549510727929
RARA,ecig0,m,6,-0.40478775024345964
RARA,ecig0,m,7,-0.7057889674398571
RARA,ecig3,m,8,0.10385047181814414
RARA,ecig3,m,9,0.08338043211299304
RARA,ecig3,m,10,-0.010661338532434788
RARA,ecig3,m,11,-0.019692238402353446
RARA,ecig6,m,12,0.041406675903580915
RARA,ecig6,m,13,0.0032559404331021944
RARA,ecig6,m,14,0.20862372098499582
RARA,control,f,15,0
RARA,control,f,16,-0.08638398899772977
RARA,control,f,17,-0.012041320238556552
RARA,ecig0,f,18,-0.09970035188592204
RARA,ecig0,f,19,0.09068865772972551
RARA,ecig0,f,20,0.0892664114122127
RARA,ecig3,f,21,-0.12074228837683568
RARA,ecig3,f,22,-0.06157574581906646
RARA,ecig3,f,23,-0.19749560534128394
RARA,ecig3,f,24,-0.16804553983548018
RARA,ecig6,f,25,-0.06378422227925562
RARA,ecig6,f,26,-0.08769732266281224
RARA,ecig6,f,27,-0.0676009815942788
RARB,control,m,2,0.10257121474857006
RARB,control,m,3,-0.14800284231217534
RARB,control,m,4,-0.01096393388407456
RARB,ecig0,m,5,0.3076454910546923
RARB,ecig0,m,6,0.12618009421850954
RARB,ecig0,m,7,0.9714035667919586
RARB,ecig3,m,8,-0.10933264948117874
RARB,ecig3,m,9,-0.2014478281543562
RARB,ecig3,m,10,-0.14949005090275322
RARB,ecig3,m,11,-0.12029014132334778
RARB,ecig6,m,12,0.18032449315261667
RARB,ecig6,m,13,-0.10164879863585628
RARB,ecig6,m,14,-0.006176834481029292
RARB,control,f,15,0
RARB,control,f,16,-0.21935345353244473
RARB,control,f,17,-0.1343091684274168
RARB,ecig0,f,18,0.036711691679207265
RARB,ecig0,f,19,0.2787366774810936
RARB,ecig0,f,20,-0.01790117013415196
RARB,ecig3,f,21,-0.22252895875070564
RARB,ecig3,f,22,-0.2013168801062436
RARB,ecig3,f,23,-0.18174029742822284
RARB,ecig3,f,24,-0.30798144052985105
RARB,ecig6,f,25,-0.028276831200702107
RARB,ecig6,f,26,-0.182022964594151
RARB,ecig6,f,27,-0.2386194334609383
RARG,control,m,2,-0.07887551822788257
RARG,control,m,3,-0.23432379562881425
RARG,control,m,4,-0.1819411446413295
RARG,ecig0,m,5,-0.17649563243176747
RARG,ecig0,m,6,-0.9931385345388896
RARG,ecig0,m,7,0.7522886494280765
RARG,ecig3,m,8,-0.0654214040136742
RARG,ecig3,m,9,-0.19095091220555485
RARG,ecig3,m,10,-0.06433769602928315
RARG,ecig3,m,11,-0.12273751518809638
RARG,ecig6,m,12,-0.1355351431877592
RARG,ecig6,m,13,-0.8204641768720817
RARG,ecig6,m,14,-0.5333926410770433
RARG,control,f,15,0
RARG,control,f,16,-0.22277435840317142
RARG,control,f,17,-0.2682831700576641
RARG,ecig0,f,18,0.06762084957399273
RARG,ecig0,f,19,-0.12527808793950182
RARG,ecig0,f,20,-0.04946657341948688
RARG,ecig3,f,21,-0.2648038051617819
RARG,ecig3,f,22,-0.1265301921034673
RARG,ecig3,f,23,-0.17104018623234693
RARG,ecig3,f,24,-0.29313795247365665
RARG,ecig6,f,25,-0.3307857872333809
RARG,ecig6,f,26,-0.3400853864774295
RARG,ecig6,f,27,-0.3402369249772465
RBPJ,control,m,2,-0.27625817711479334
RBPJ,control,m,3,-0.21686465794029428
RBPJ,control,m,4,-0.13724300676515896
RBPJ,ecig0,m,5,-0.07254335226908933
RBPJ,ecig0,m,6,-0.2259997141887139
RBPJ,ecig0,m,7,-1.918193897636445
RBPJ,ecig3,m,8,-0.21681149604306013
RBPJ,ecig3,m,9,-0.013014188978545027
RBPJ,ecig3,m,10,0.01937663855489983
RBPJ,ecig3,m,11,-0.07845811003589383
RBPJ,ecig6,m,12,-0.16497166234375701
RBPJ,ecig6,m,13,-0.6721828216079168
RBPJ,ecig6,m,14,-0.7368503863064491
RBPJ,control,f,15,0
RBPJ,control,f,16,0.06266378863539432
RBPJ,control,f,17,0.0710805873141604
RBPJ,ecig0,f,18,0.12974471080916442
RBPJ,ecig0,f,19,-0.07802149613018293
RBPJ,ecig0,f,20,-0.16044880707090386
RBPJ,ecig3,f,21,-0.1755050631280357
RBPJ,ecig3,f,22,-0.0021337608152660037
RBPJ,ecig3,f,23,0.09596589417171264
RBPJ,ecig3,f,24,0.09260670045009958
RBPJ,ecig6,f,25,-0.17496182439786054
RBPJ,ecig6,f,26,-0.29939124857358507
RBPJ,ecig6,f,27,-0.4312828451058269
RORA,control,m,2,0.038619499379726856
RORA,control,m,3,0.303190247118865
RORA,control,m,4,0.16076795907230937
RORA,ecig0,m,5,0.35287946232314477
RORA,ecig0,m,6,0.45741604170740635
RORA,ecig0,m,7,-0.4561770022452523
RORA,ecig3,m,8,0.20710044900093721
RORA,ecig3,m,9,0.08759154072233712
RORA,ecig3,m,10,0.0901803986850478
RORA,ecig3,m,11,0.11034940839453347
RORA,ecig6,m,12,0.04734389050806234
RORA,ecig6,m,13,-0.5880912964391662
RORA,ecig6,m,14,0.20279036172901924
RORA,control,f,15,0
RORA,control,f,16,0.04236533602777269
RORA,control,f,17,0.044165796431839544
RORA,ecig0,f,18,0.06852393956098576
RORA,ecig0,f,19,0.07867154030281975
RORA,ecig0,f,20,0.1688674721356435
RORA,ecig3,f,21,0.10550914709425196
RORA,ecig3,f,22,0.1870319833100018
RORA,ecig3,f,23,0.18401776996341918
RORA,ecig3,f,24,0.1402931630932268
RORA,ecig6,f,25,-0.2698248048714589
RORA,ecig6,f,26,-0.1048018470164392
RORA,ecig6,f,27,-0.06529659697747107
RXRA,control,m,2,0.0042719768744664014
RXRA,control,m,3,0.017603090232445398
RXRA,control,m,4,-0.07694790275364577
RXRA,ecig0,m,5,0.24283433504822824
RXRA,ecig0,m,6,-0.002172473272707274
RXRA,ecig0,m,7,-0.573386944446968
RXRA,ecig3,m,8,-0.17963639878852813
RXRA,ecig3,m,9,-0.25790419766116257
RXRA,ecig3,m,10,-0.2736781694339559
RXRA,ecig3,m,11,-0.29836262907840155
RXRA,ecig6,m,12,0.15311920832447978
RXRA,ecig6,m,13,-0.0491208705724658
RXRA,ecig6,m,14,-0.00798993814491416
RXRA,control,f,15,0
RXRA,control,f,16,-0.20151441598939773
RXRA,control,f,17,-0.2601201396652439
RXRA,ecig0,f,18,-0.05637250255001403
RXRA,ecig0,f,19,0.11064303305230348
RXRA,ecig0,f,20,-0.023446142654283218
RXRA,ecig3,f,21,-0.3370567236910551
RXRA,ecig3,f,22,-0.3587486441486057
RXRA,ecig3,f,23,-0.46481355282085235
RXRA,ecig3,f,24,-0.47270926857712203
RXRA,ecig6,f,25,-0.19468169735381693
RXRA,ecig6,f,26,-0.2595713017771491
RXRA,ecig6,f,27,-0.24039791867532267
RXRB,control,m,2,-0.04452859778261304
RXRB,control,m,3,-0.29940377142140556
RXRB,control,m,4,2.3799431457249744e-4
RXRB,ecig0,m,5,-0.39666836920041165
RXRB,ecig0,m,6,-0.8701539339303525
RXRB,ecig0,m,7,-1.6493491260188695
RXRB,ecig3,m,8,0.12909695446449468
RXRB,ecig3,m,9,0.013200406133862457
RXRB,ecig3,m,10,0.1365022923578295
RXRB,ecig3,m,11,-0.0055838655955699765
RXRB,ecig6,m,12,-0.07242841901674496
RXRB,ecig6,m,13,-0.969014050892377
RXRB,ecig6,m,14,-1.7360077747846432
RXRB,control,f,15,0
RXRB,control,f,16,-0.3987402382485677
RXRB,control,f,17,-0.423304285894748
RXRB,ecig0,f,18,-0.7041806243790221
RXRB,ecig0,f,19,-0.07052313996818856
RXRB,ecig0,f,20,-0.13414751531974697
RXRB,ecig3,f,21,-0.008996943686408852
RXRB,ecig3,f,22,-0.1200995893360923
RXRB,ecig3,f,23,-0.05337297946721829
RXRB,ecig3,f,24,-0.12729962477238188
RXRB,ecig6,f,25,-0.21292622230102312
RXRB,ecig6,f,26,-0.3773805947002307
RXRB,ecig6,f,27,-0.4286301687840351
RXRG,control,m,2,-0.13166022487757315
RXRG,control,m,3,-0.25249426719708684
RXRG,control,m,4,-0.19973021120509626
RXRG,ecig0,m,5,-0.40872552361674014
RXRG,ecig0,m,6,0.7398119796097918
RXRG,ecig0,m,7,-0.7088859640352468
RXRG,ecig3,m,8,0.05087461112120509
RXRG,ecig3,m,9,0.13877536985508804
RXRG,ecig3,m,10,0.24010206639558432
RXRG,ecig3,m,11,-0.11390920850525812
RXRG,ecig6,m,12,0.11801038096018653
RXRG,ecig6,m,13,-1.31040644940498
RXRG,ecig6,m,14,-0.01690584455648872
RXRG,control,f,15,0
RXRG,control,f,16,0.059835009766141055
RXRG,control,f,17,0.07191293525217136
RXRG,ecig0,f,18,-0.8360435026496766
RXRG,ecig0,f,19,-0.9948649415640219
RXRG,ecig0,f,20,-0.12349767613314624
RXRG,ecig3,f,21,-0.2972813293339773
RXRG,ecig3,f,22,0.06446581439543772
RXRG,ecig3,f,23,-0.22930243468314038
RXRG,ecig3,f,24,-0.3254384710084013
RXRG,ecig6,f,25,-0.28372757419120437
RXRG,ecig6,f,26,-0.020368652802609497
RXRG,ecig6,f,27,-0.10416920237755183
TGS1,control,m,2,0.03779678440157631
TGS1,control,m,3,0.18543152723505457
TGS1,control,m,4,0.2240694496505174
TGS1,ecig0,m,5,0.24938836011382512
TGS1,ecig0,m,6,0.18010600558176332
TGS1,ecig0,m,7,-0.10226386312299776
TGS1,ecig3,m,8,0.013160068114442664
TGS1,ecig3,m,9,-0.04343357107038542
TGS1,ecig3,m,10,0.08739406504518071
TGS1,ecig3,m,11,0.12592590449017033
TGS1,ecig6,m,12,0.217581169535974
TGS1,ecig6,m,13,-0.03404829868956979
TGS1,ecig6,m,14,0.3672084299107512
TGS1,control,f,15,0
TGS1,control,f,16,0.006485269814586911
TGS1,control,f,17,-0.041950456487747124
TGS1,ecig0,f,18,0.1741093074501397
TGS1,ecig0,f,19,0.20157125045257906
TGS1,ecig0,f,20,0.18212964962461514
TGS1,ecig3,f,21,0.1875172436630115
TGS1,ecig3,f,22,-0.1131217140366013
TGS1,ecig3,f,23,-0.046218700590268634
TGS1,ecig3,f,24,-0.15420749196480277
TGS1,ecig6,f,25,-0.2255538285591362
TGS1,ecig6,f,26,-0.13036441115823771
TGS1,ecig6,f,27,-0.03367761035290968
THRA,control,m,2,0.07005335255695497
THRA,control,m,3,-0.03946045677561388
THRA,control,m,4,0.11278167055350065
THRA,ecig0,m,5,0.2439987190714567
THRA,ecig0,m,6,0.2587482857690048
THRA,ecig0,m,7,-0.3849135693117268
THRA,ecig3,m,8,-0.05329952814827666
THRA,ecig3,m,9,-0.15986414661332582
THRA,ecig3,m,10,-0.13861142891944792
THRA,ecig3,m,11,-0.1181413892142979
THRA,ecig6,m,12,0.12202040153242576
THRA,ecig6,m,13,-0.3536157214865387
THRA,ecig6,m,14,0.19551296158384268
THRA,control,f,15,0
THRA,control,f,16,-0.1558788707067295
THRA,control,f,17,-0.07777212288177394
THRA,ecig0,f,18,0.14790043190765148
THRA,ecig0,f,19,0.15329627416792915
THRA,ecig0,f,20,0.11821676712521287
THRA,ecig3,f,21,-0.26522464509571964
THRA,ecig3,f,22,-0.3126850342121029
THRA,ecig3,f,23,-0.7988364360096049
THRA,ecig3,f,24,-0.4678039847977765
THRA,ecig6,f,25,-0.2896969990052207
THRA,ecig6,f,26,-0.2845245812077231
THRA,ecig6,f,27,-0.31466954435551775
THRB,control,m,2,0.007402387799376004
THRB,control,m,3,0.13343401402402377
THRB,control,m,4,-0.1529709209486154
THRB,ecig0,m,5,0.05652988103174679
THRB,ecig0,m,6,0.02907173100725216
THRB,ecig0,m,7,-1.5117760097604653
THRB,ecig3,m,8,0.163115752214489
THRB,ecig3,m,9,0.004773974495236036
THRB,ecig3,m,10,0.06335441165144602
THRB,ecig3,m,11,-0.008892787307908913
THRB,ecig6,m,12,-0.03338964505905795
THRB,ecig6,m,13,-0.5920760304917714
THRB,ecig6,m,14,0.16637175285358996
THRB,control,f,15,0
THRB,control,f,16,-0.06628812957718958
THRB,control,f,17,-0.06803741488199233
THRB,ecig0,f,18,0.0756860452178222
THRB,ecig0,f,19,0.23476643013443715
THRB,ecig0,f,20,0.04773661424040483
THRB,ecig3,f,21,-0.07849603981534797
THRB,ecig3,f,22,0.012872283438587241
THRB,ecig3,f,23,-0.060785542080449013
THRB,ecig3,f,24,-0.21826426680213273
THRB,ecig6,f,25,-0.27178661735320186
THRB,ecig6,f,26,-0.23707563123117614
THRB,ecig6,f,27,-0.2907689668197806
TRIP4,control,m,2,-0.05206939917399582
TRIP4,control,m,3,0.39357239610700523
TRIP4,control,m,4,0.33104497405964783
TRIP4,ecig0,m,5,0.2783811610562137
TRIP4,ecig0,m,6,0.6066016910785439
TRIP4,ecig0,m,7,-0.4610235851754429
TRIP4,ecig3,m,8,0.5223240089604747
TRIP4,ecig3,m,9,0.335685411648806
TRIP4,ecig3,m,10,0.2940228602489119
TRIP4,ecig3,m,11,0.2819816604223518
TRIP4,ecig6,m,12,0.27846027173907467
TRIP4,ecig6,m,13,0.16820141316723627
TRIP4,ecig6,m,14,0.5317348688909214
TRIP4,control,f,15,0
TRIP4,control,f,16,0.15690333598797346
TRIP4,control,f,17,0.2089965767376254
TRIP4,ecig0,f,18,0.24912598236960332
TRIP4,ecig0,f,19,0.08562834350261407
TRIP4,ecig0,f,20,0.4671114351897536
TRIP4,ecig3,f,21,0.23851654140842007
TRIP4,ecig3,f,22,0.28246451253539695
TRIP4,ecig3,f,23,0.28839359932999464
TRIP4,ecig3,f,24,0.18931439273712694
TRIP4,ecig6,f,25,-0.03732820111032772
TRIP4,ecig6,f,26,0.2909637934329741
TRIP4,ecig6,f,27,0.17988902316088873
VDR,control,m,2,-0.14887342105963638
VDR,control,m,3,-0.5021038241517259
VDR,control,m,4,-0.2558828414462778
VDR,ecig0,m,5,-0.38107682160499107
VDR,ecig0,m,6,0.09795793006501935
VDR,ecig0,m,7,-0.6812372620234978
VDR,ecig3,m,8,0.07009447325436305
VDR,ecig3,m,9,0.035174993757341316
VDR,ecig3,m,10,-0.36501428247835516
VDR,ecig3,m,11,-0.11786865603822724
VDR,ecig6,m,12,-0.10098201719545966
VDR,ecig6,m,13,-0.17350315345087128
VDR,ecig6,m,14,-0.7678959107892716
VDR,control,f,15,0
VDR,control,f,16,-0.16467436512003977
VDR,control,f,17,-0.2692919215731337
VDR,ecig0,f,18,-0.3459118822495048
VDR,ecig0,f,19,0.1845365650579453
VDR,ecig0,f,20,-0.780692214256954
VDR,ecig3,f,21,-0.408478799432295
VDR,ecig3,f,22,-0.15719491364177365
VDR,ecig3,f,23,-0.3859141930173147
VDR,ecig3,f,24,-0.45997299049057466
VDR,ecig6,f,25,-0.22883174418192095
VDR,ecig6,f,26,-0.6203861556099937
VDR,ecig6,f,27,-0.8608689045380945
ACTB,control,m,2,0.16287625274993975
ACTB,control,m,3,0.13970657604367528
ACTB,control,m,4,0.13137508926568275
ACTB,ecig0,m,5,0.0428862985382693
ACTB,ecig0,m,6,-0.08809395978509917
ACTB,ecig0,m,7,1.0755596442617013
ACTB,ecig3,m,8,0.20159009493030866
ACTB,ecig3,m,9,-0.02147313185670131
ACTB,ecig3,m,10,0.013325935642055099
ACTB,ecig3,m,11,0.015433145611702285
ACTB,ecig6,m,12,0.04076457892283052
ACTB,ecig6,m,13,0.35738642321222713
ACTB,ecig6,m,14,0.15914071132774724
ACTB,control,f,15,0
ACTB,control,f,16,-0.0187789736015079
ACTB,control,f,17,0.049586744593757066
ACTB,ecig0,f,18,-0.07849971238129416
ACTB,ecig0,f,19,-0.010320753195339954
ACTB,ecig0,f,20,0.07552559623013419
ACTB,ecig3,f,21,0.05509143930046625
ACTB,ecig3,f,22,0.013809991875081957
ACTB,ecig3,f,23,-0.05377876790137334
ACTB,ecig3,f,24,-0.04072460213940336
ACTB,ecig6,f,25,0.20833425054116528
ACTB,ecig6,f,26,0.2105511558412342
ACTB,ecig6,f,27,0.06466076142063096
B2M,control,m,2,-0.22170431718058492
B2M,control,m,3,-0.12006123811464575
B2M,control,m,4,-0.1791608316013776
B2M,ecig0,m,5,-0.7735997669411132
B2M,ecig0,m,6,-0.6546185642449124
B2M,ecig0,m,7,1.0685721360023475
B2M,ecig3,m,8,-0.08050782327637004
B2M,ecig3,m,9,0.11064622397025746
B2M,ecig3,m,10,-0.07912308529631575
B2M,ecig3,m,11,-0.01741193618520009
B2M,ecig6,m,12,-0.3436254390204388
B2M,ecig6,m,13,-0.6286376286151394
B2M,ecig6,m,14,-0.3900135592922673
B2M,control,f,15,0
B2M,control,f,16,0.11597650189748122
B2M,control,f,17,0.16413076515386987
B2M,ecig0,f,18,-0.17357251076187213
B2M,ecig0,f,19,-0.30230570057960665
B2M,ecig0,f,20,-0.17838056185261666
B2M,ecig3,f,21,0.10298079616066995
B2M,ecig3,f,22,0.028260334756939426
B2M,ecig3,f,23,0.30444752899875444
B2M,ecig3,f,24,0.412196399466747
B2M,ecig6,f,25,-0.503194395620018
B2M,ecig6,f,26,-0.4820655818723543
B2M,ecig6,f,27,-0.109044082127335
GAPDH,control,m,2,-0.15353456951249658
GAPDH,control,m,3,-0.19902230906729365
GAPDH,control,m,4,-0.11264072830952851
GAPDH,ecig0,m,5,0.07623349836793782
GAPDH,ecig0,m,6,-0.10315178119820743
GAPDH,ecig0,m,7,-0.7792089792623181
GAPDH,ecig3,m,8,0.04625440274775446
GAPDH,ecig3,m,9,0.14077782138624453
GAPDH,ecig3,m,10,0.0548638606237446
GAPDH,ecig3,m,11,0.1081461698562691
GAPDH,ecig6,m,12,-0.0413494802044037
GAPDH,ecig6,m,13,-0.14640593839117666
GAPDH,ecig6,m,14,-0.24454352315760836
GAPDH,control,f,15,0
GAPDH,control,f,16,-0.030110344698291953
GAPDH,control,f,17,-0.06106104473247902
GAPDH,ecig0,f,18,-0.024894096933426712
GAPDH,ecig0,f,19,-0.017406698263275358
GAPDH,ecig0,f,20,-0.15218824295988873
GAPDH,ecig3,f,21,0.03199039743321209
GAPDH,ecig3,f,22,0.09332375389977035
GAPDH,ecig3,f,23,0.07593927165017586
GAPDH,ecig3,f,24,0.0525790429566559
GAPDH,ecig6,f,25,0.380731419787966
GAPDH,ecig6,f,26,0.22889471965701402
GAPDH,ecig6,f,27,0.2161938426979567
HPRT1,control,m,2,0.06763638272176975
HPRT1,control,m,3,0.08833129183368096
HPRT1,control,m,4,0.05338544210903999
HPRT1,ecig0,m,5,0.32656010877224756
HPRT1,ecig0,m,6,0.5980431072718221
HPRT1,ecig0,m,7,-0.6097194587436355
HPRT1,ecig3,m,8,-0.10839162971473255
HPRT1,ecig3,m,9,-0.07437524020470292
HPRT1,ecig3,m,10,-0.07961316212925573
HPRT1,ecig3,m,11,-0.11603779160459805
HPRT1,ecig6,m,12,0.40916207731645327
HPRT1,ecig6,m,13,0.4069898448677421
HPRT1,ecig6,m,14,0.46009725567278575
HPRT1,control,f,15,0
HPRT1,control,f,16,-0.013521484727237071
HPRT1,control,f,17,-0.07116872889688879
HPRT1,ecig0,f,18,0.12763960804948687
HPRT1,ecig0,f,19,0.1579261155012413
HPRT1,ecig0,f,20,0.16098590478916847
HPRT1,ecig3,f,21,-0.06490303036114055
HPRT1,ecig3,f,22,-0.03353149039301477
HPRT1,ecig3,f,23,-0.13114799223695126
HPRT1,ecig3,f,24,-0.17860236075342034
HPRT1,ecig6,f,25,0.11950902869059864
HPRT1,ecig6,f,26,0.25332240071515955
HPRT1,ecig6,f,27,-0.020787806968573182
RPLP0,control,m,2,0.14472625122137092
RPLP0,control,m,3,0.0910456793045831
RPLP0,control,m,4,0.1070410285361877
RPLP0,ecig0,m,5,0.32791986126266176
RPLP0,ecig0,m,6,0.24782119795639804
RPLP0,ecig0,m,7,-0.7552033422580943
RPLP0,ecig3,m,8,-0.05894504468695933
RPLP0,ecig3,m,9,-0.1555756732950967
RPLP0,ecig3,m,10,0.09054645115977396
RPLP0,ecig3,m,11,0.009870412321826736
RPLP0,ecig6,m,12,-0.06495173701443817
RPLP0,ecig6,m,13,0.010667298926349067
RPLP0,ecig6,m,14,0.015319115449344762
RPLP0,control,f,15,0
RPLP0,control,f,16,-0.05356569887044214
RPLP0,control,f,17,-0.08148773611825486
RPLP0,ecig0,f,18,0.14932671202710618
RPLP0,ecig0,f,19,0.1721070365369795
RPLP0,ecig0,f,20,0.09405730379320376
RPLP0,ecig3,f,21,-0.1251596025332088
RPLP0,ecig3,f,22,-0.10186259013877695
RPLP0,ecig3,f,23,-0.19546004051060462
RPLP0,ecig3,f,24,-0.24544847953057283
RPLP0,ecig6,f,25,-0.20538030339971414
RPLP0,ecig6,f,26,-0.21070269434105027
RPLP0,ecig6,f,27,-0.15102271502267728
